Workbook

Sheet 2025月度汇总表
D1: 中国国航 | E1: 中国东航 | F1: 南方航空 | G1: 吉祥航空 | H1: 春秋航空 | I1: 海航控股
B3: 【申万交运】2026年3月航空公司数据汇总
B4: 总量 | D4: 中国国航 | E4: 中国东航 | F4: 南方航空 | G4: 吉祥航空 | H4: 春秋航空 | I4: 海航控股
B5: ASK（百万座公里） | C5: 当期值 | D5: =INDIRECT("'"&D$1&"'!B150") -> 31820.6 | E5: =INDIRECT("'"&E$1&"'!B150") -> 27502.31 | F5: =INDIRECT("'"&F$1&"'!B150") -> 32943.27 | G5: =INDIRECT("'"&G$1&"'!B150") -> 4817.8391 | H5: =INDIRECT("'"&H$1&"'!B150") -> 5655.4537 | I5: =INDIRECT("'"&I$1&"'!B150") -> 13472.35
C6: 同比2025 | D6: =INDIRECT("'"&D$1&"'!C150") -> 0.107335 | E6: =INDIRECT("'"&E$1&"'!C150") -> 0.10634457 | F6: =INDIRECT("'"&F$1&"'!C150") -> 0.12365185 | G6: =INDIRECT("'"&G$1&"'!C150") -> 0.041674558 | H6: =INDIRECT("'"&H$1&"'!C150") -> 0.22910143 | I6: =INDIRECT("'"&I$1&"'!C150") -> 0.059432693
C7: 同比2019 | D7: =INDIRECT("'"&D$1&"'!D150") -> 0.342919 | E7: =INDIRECT("'"&E$1&"'!D150") -> 0.27336592 | F7: =INDIRECT("'"&F$1&"'!D150") -> 0.20126262 | G7: =INDIRECT("'"&G$1&"'!D150") -> 0.47285515 | H7: =INDIRECT("'"&H$1&"'!D150") -> 0.65086335 | I7: =INDIRECT("'"&I$1&"'!D150") -> -0.080089285
B8: RPK（百万客公里） | C8: 当期值 | D8: =INDIRECT("'"&D$1&"'!N150") -> 27457.4 | E8: =INDIRECT("'"&E$1&"'!N150") -> 24385.14 | F8: =INDIRECT("'"&F$1&"'!N150") -> 28260.15 | G8: =INDIRECT("'"&G$1&"'!N150") -> 4257.0313 | H8: =INDIRECT("'"&H$1&"'!N150") -> 5227.3172 | I8: =INDIRECT("'"&I$1&"'!N150") -> 11456.18
C9: 同比2025 | D9: =INDIRECT("'"&D$1&"'!O150") -> 0.19877753 | E9: =INDIRECT("'"&E$1&"'!O150") -> 0.16556022 | F9: =INDIRECT("'"&F$1&"'!O150") -> 0.13756447 | G9: =INDIRECT("'"&G$1&"'!O150") -> 0.089168943 | H9: =INDIRECT("'"&H$1&"'!O150") -> 0.26600626 | I9: =INDIRECT("'"&I$1&"'!O150") -> 0.09198619
C10: 同比2019 | D10: =INDIRECT("'"&D$1&"'!P150") -> 0.43625179 | E10: =INDIRECT("'"&E$1&"'!P150") -> 0.3650024 | F10: =INDIRECT("'"&F$1&"'!P150") -> 0.23937698 | G10: =INDIRECT("'"&G$1&"'!P150") -> 0.50962775 | H10: =INDIRECT("'"&H$1&"'!P150") -> 0.65211993 | I10: =INDIRECT("'"&I$1&"'!P150") -> -0.055637851
B11: 旅客运输量（千人） | C11: 当期值 | D11: =INDIRECT("'"&D$1&"'!Z150") -> 14309.3 | E11: =INDIRECT("'"&E$1&"'!Z150") -> 13006.57 | F11: =INDIRECT("'"&F$1&"'!Z150") -> 14597.53 | G11: =INDIRECT("'"&G$1&"'!Z150") -> 2265.68 | H11: =INDIRECT("'"&H$1&"'!Z150") -> 2882.89 | I11: =INDIRECT("'"&I$1&"'!Z150") -> 6014.61
C12: 同比2025 | D12: =INDIRECT("'"&D$1&"'!AA150") -> 0.1512555 | E12: =INDIRECT("'"&E$1&"'!AA150") -> 0.11020187 | F12: =INDIRECT("'"&F$1&"'!AA150") -> 0.10097249 | G12: =INDIRECT("'"&G$1&"'!AA150") -> 0.036568684 | H12: =INDIRECT("'"&H$1&"'!AA150") -> 0.21686625 | I12: =INDIRECT("'"&I$1&"'!AA150") -> 0.09075725
C13: 同比2019 | D13: =INDIRECT("'"&D$1&"'!AB150") -> 0.5096587 | E13: =INDIRECT("'"&E$1&"'!AB150") -> 0.22171239 | F13: =INDIRECT("'"&F$1&"'!AB150") -> 0.20078459 | G13: =INDIRECT("'"&G$1&"'!AB150") -> 0.2916555 | H13: =INDIRECT("'"&H$1&"'!AB150") -> 0.63221872 | I13: =INDIRECT("'"&I$1&"'!AB150") -> -0.14490743
B14: 客座率（%） | C14: 当期值 | D14: =INDIRECT("'"&D$1&"'!AL150") -> 86.3 | E14: =INDIRECT("'"&E$1&"'!AL150") -> 88.67 | F14: =INDIRECT("'"&F$1&"'!AL150") -> 85.78 | G14: =INDIRECT("'"&G$1&"'!AL150") -> 88.36 | H14: =INDIRECT("'"&H$1&"'!AL150") -> 92.43 | I14: =INDIRECT("'"&I$1&"'!AL150") -> 85.03
C15: 同比2025 | D15: =INDIRECT("'"&D$1&"'!AM150") -> 6.6 | E15: =INDIRECT("'"&E$1&"'!AM150") -> 4.51 | F15: =INDIRECT("'"&F$1&"'!AM150") -> 1.04 | G15: =INDIRECT("'"&G$1&"'!AM150") -> 3.85 | H15: =INDIRECT("'"&H$1&"'!AM150") -> 2.69 | I15: =INDIRECT("'"&I$1&"'!AM150") -> 2.53
C16: 同比2019 | D16: =INDIRECT("'"&D$1&"'!AN150") -> 5.6 | E16: =INDIRECT("'"&E$1&"'!AN150") -> 5.96 | F16: =INDIRECT("'"&F$1&"'!AN150") -> 0.031629585 | G16: =INDIRECT("'"&G$1&"'!AN150") -> 2.15 | H16: =INDIRECT("'"&H$1&"'!AN150") -> 0.07 | I16: =INDIRECT("'"&I$1&"'!AN150") -> 2.2
B17: 机队数（架） | C17: 当期值 | D17: =INDIRECT("'"&D$1&"'!AX150") -> 960 | E17: =INDIRECT("'"&E$1&"'!AX150") -> 823 | F17: =INDIRECT("'"&F$1&"'!AX150") -> 971 | G17: =INDIRECT("'"&G$1&"'!AX150") -> 129 | H17: =INDIRECT("'"&H$1&"'!AX150") -> 134 | I17: =INDIRECT("'"&I$1&"'!AX150") -> 362
C18: 同比2025 | D18: =INDIRECT("'"&D$1&"'!AY150") -> 0.027837259 | E18: =INDIRECT("'"&E$1&"'!AY150") -> 0.0085784314 | F18: =INDIRECT("'"&F$1&"'!AY150") -> 0.041845494 | G18: =INDIRECT("'"&G$1&"'!AY150") -> 0 | H18: =INDIRECT("'"&H$1&"'!AY150") -> 0.022900763 | I18: =INDIRECT("'"&I$1&"'!AY150") -> 0.031339031
C19: 同比2019 | D19: =INDIRECT("'"&D$1&"'!AZ150") -> 0.42011834 | E19: =INDIRECT("'"&E$1&"'!AZ150") -> 0.18759019 | F19: =INDIRECT("'"&F$1&"'!AZ150") -> 0.14639906 | G19: =INDIRECT("'"&G$1&"'!AZ150") -> 0.43333333 | H19: =INDIRECT("'"&H$1&"'!AZ150") -> 0.61445783 | I19: =INDIRECT("'"&I$1&"'!AZ150") -> -0.23628692
B20: 国内 | D20: 中国国航 | E20: 中国东航 | F20: 南方航空 | G20: 吉祥航空 | H20: 春秋航空 | I20: 海航控股
B21: ASK（百万座公里） | C21: 当期值 | D21: =INDIRECT("'"&D$1&"'!E150") -> 21975.9 | E21: =INDIRECT("'"&E$1&"'!E150") -> 17978.13 | F21: =INDIRECT("'"&F$1&"'!E150") -> 23734.77 | G21: =INDIRECT("'"&G$1&"'!E150") -> 3464.331 | H21: =INDIRECT("'"&H$1&"'!E150") -> 4382.2465 | I21: =INDIRECT("'"&I$1&"'!E150") -> 10677.91
C22: 同比2025 | D22: =INDIRECT("'"&D$1&"'!F150") -> 0.11670698 | E22: =INDIRECT("'"&E$1&"'!F150") -> 0.11296053 | F22: =INDIRECT("'"&F$1&"'!F150") -> 0.11109202 | G22: =INDIRECT("'"&G$1&"'!F150") -> 0.082508955 | H22: =INDIRECT("'"&H$1&"'!F150") -> 0.23029215 | I22: =INDIRECT("'"&I$1&"'!F150") -> 0.087667027
C23: 同比2019 | D23: =INDIRECT("'"&D$1&"'!G150") -> 0.60201054 | E23: =INDIRECT("'"&E$1&"'!G150") -> 0.29532525 | F23: =INDIRECT("'"&F$1&"'!G150") -> 0.25676281 | G23: =INDIRECT("'"&G$1&"'!G150") -> 0.28159497 | H23: =INDIRECT("'"&H$1&"'!G150") -> 1.0064346 | I23: =INDIRECT("'"&I$1&"'!G150") -> -0.02218195
B24: RPK（百万客公里） | C24: 当期值 | D24: =INDIRECT("'"&D$1&"'!Q150") -> 18798.9 | E24: =INDIRECT("'"&E$1&"'!Q150") -> 15784.94 | F24: =INDIRECT("'"&F$1&"'!Q150") -> 20173.29 | G24: =INDIRECT("'"&G$1&"'!Q150") -> 3055.6602 | H24: =INDIRECT("'"&H$1&"'!Q150") -> 4061.1856 | I24: =INDIRECT("'"&I$1&"'!Q150") -> 9163.8
C25: 同比2025 | D25: =INDIRECT("'"&D$1&"'!R150") -> 0.16875874 | E25: =INDIRECT("'"&E$1&"'!R150") -> 0.14001717 | F25: =INDIRECT("'"&F$1&"'!R150") -> 0.10567959 | G25: =INDIRECT("'"&G$1&"'!R150") -> 0.087291149 | H25: =INDIRECT("'"&H$1&"'!R150") -> 0.25828837 | I25: =INDIRECT("'"&I$1&"'!R150") -> 0.09283583
C26: 同比2019 | D26: =INDIRECT("'"&D$1&"'!S150") -> 0.67282742 | E26: =INDIRECT("'"&E$1&"'!S150") -> 0.35240096 | F26: =INDIRECT("'"&F$1&"'!S150") -> 0.28741001 | G26: =INDIRECT("'"&G$1&"'!S150") -> 0.30127771 | H26: =INDIRECT("'"&H$1&"'!S150") -> 0.99724716 | I26: =INDIRECT("'"&I$1&"'!S150") -> -0.049325363
B27: 旅客运输量（千人） | C27: 当期值 | D27: =INDIRECT("'"&D$1&"'!AC150") -> 12138 | E27: =INDIRECT("'"&E$1&"'!AC150") -> 10835.24 | F27: =INDIRECT("'"&F$1&"'!AC150") -> 12486.24 | G27: =INDIRECT("'"&G$1&"'!AC150") -> 1932.96 | H27: =INDIRECT("'"&H$1&"'!AC150") -> 2363.77 | I27: =INDIRECT("'"&I$1&"'!AC150") -> 5630.58
C28: 同比2025 | D28: =INDIRECT("'"&D$1&"'!AD150") -> 0.14133654 | E28: =INDIRECT("'"&E$1&"'!AD150") -> 0.10718227 | F28: =INDIRECT("'"&F$1&"'!AD150") -> 0.083526052 | G28: =INDIRECT("'"&G$1&"'!AD150") -> 0.05931869 | H28: =INDIRECT("'"&H$1&"'!AD150") -> 0.2437229 | I28: =INDIRECT("'"&I$1&"'!AD150") -> 0.089329348
C29: 同比2019 | D29: =INDIRECT("'"&D$1&"'!AE150") -> 0.61109636 | E29: =INDIRECT("'"&E$1&"'!AE150") -> 0.22074419 | F29: =INDIRECT("'"&F$1&"'!AE150") -> 0.21227397 | G29: =INDIRECT("'"&G$1&"'!AE150") -> 0.26738178 | H29: =INDIRECT("'"&H$1&"'!AE150") -> 0.87526378 | I29: =INDIRECT("'"&I$1&"'!AE150") -> -0.14305413
B30: 客座率（%） | C30: 当期值 | D30: =INDIRECT("'"&D$1&"'!AO150") -> 85.5 | E30: =INDIRECT("'"&E$1&"'!AO150") -> 87.8 | F30: =INDIRECT("'"&F$1&"'!AO150") -> 84.99 | G30: =INDIRECT("'"&G$1&"'!AO150") -> 88.2 | H30: =INDIRECT("'"&H$1&"'!AO150") -> 92.67 | I30: =INDIRECT("'"&I$1&"'!AO150") -> 85.82
C31: 同比2025 | D31: =INDIRECT("'"&D$1&"'!AP150") -> 3.8 | E31: =INDIRECT("'"&E$1&"'!AP150") -> 2.08 | F31: =INDIRECT("'"&F$1&"'!AP150") -> -0.42 | G31: =INDIRECT("'"&G$1&"'!AP150") -> 0.38 | H31: =INDIRECT("'"&H$1&"'!AP150") -> 2.06 | I31: =INDIRECT("'"&I$1&"'!AP150") -> 0.41
C32: 同比2019 | D32: =INDIRECT("'"&D$1&"'!AQ150") -> 3.6 | E32: =INDIRECT("'"&E$1&"'!AQ150") -> 3.7 | F32: =INDIRECT("'"&F$1&"'!AQ150") -> 0.024346149 | G32: =INDIRECT("'"&G$1&"'!AQ150") -> 1.33 | H32: =INDIRECT("'"&H$1&"'!AQ150") -> -0.43 | I32: =INDIRECT("'"&I$1&"'!AQ150") -> -2.45
B33: 国际 | C33: 国际 | D33: 中国国航 | E33: 中国东航 | F33: 南方航空 | G33: 吉祥航空 | H33: 春秋航空 | I33: 海航控股
B34: ASK（百万座公里） | C34: 当期值 | D34: =INDIRECT("'"&D$1&"'!H150") -> 8954.1 | E34: =INDIRECT("'"&E$1&"'!H150") -> 8989.5 | F34: =INDIRECT("'"&F$1&"'!H150") -> 8944.63 | G34: =INDIRECT("'"&G$1&"'!H150") -> 1313.8883 | H34: =INDIRECT("'"&H$1&"'!H150") -> 1230.9309 | I34: =INDIRECT("'"&I$1&"'!H150") -> 2763.42
C35: 同比2025 | D35: =INDIRECT("'"&D$1&"'!I150") -> 0.085016662 | E35: =INDIRECT("'"&E$1&"'!I150") -> 0.097931402 | F35: =INDIRECT("'"&F$1&"'!I150") -> 0.15981619 | G35: =INDIRECT("'"&G$1&"'!I150") -> -0.047354702 | H35: =INDIRECT("'"&H$1&"'!I150") -> 0.21901165 | I35: =INDIRECT("'"&I$1&"'!I150") -> -0.035213038
C36: 同比2019 | D36: =INDIRECT("'"&D$1&"'!J150") -> -0.012669534 | E36: =INDIRECT("'"&E$1&"'!J150") -> 0.25432375 | F36: =INDIRECT("'"&F$1&"'!J150") -> 0.095865555 | G36: =INDIRECT("'"&G$1&"'!J150") -> 1.5540777 | H36: =INDIRECT("'"&H$1&"'!J150") -> 0.09858512 | I36: =INDIRECT("'"&I$1&"'!J150") -> -0.24682546
B37: RPK（百万客公里） | C37: 当期值 | D37: =INDIRECT("'"&D$1&"'!T150") -> 7965.3 | E37: =INDIRECT("'"&E$1&"'!T150") -> 8141.83 | F37: =INDIRECT("'"&F$1&"'!T150") -> 7870.34 | G37: =INDIRECT("'"&G$1&"'!T150") -> 1166.7813 | H37: =INDIRECT("'"&H$1&"'!T150") -> 1127.6315 | I37: =INDIRECT("'"&I$1&"'!T150") -> 2269.56
C38: 同比2025 | D38: =INDIRECT("'"&D$1&"'!U150") -> 0.2762245 | E38: =INDIRECT("'"&E$1&"'!U150") -> 0.2229928 | F38: =INDIRECT("'"&F$1&"'!U150") -> 0.22720951 | G38: =INDIRECT("'"&G$1&"'!U150") -> 0.10187263 | H38: =INDIRECT("'"&H$1&"'!U150") -> 0.28911213 | I38: =INDIRECT("'"&I$1&"'!U150") -> 0.08854409
C39: 同比2019 | D39: =INDIRECT("'"&D$1&"'!V150") -> 0.11555699 | E39: =INDIRECT("'"&E$1&"'!V150") -> 0.42138902 | F39: =INDIRECT("'"&F$1&"'!V150") -> 0.15112592 | G39: =INDIRECT("'"&G$1&"'!V150") -> 1.7430945 | H39: =INDIRECT("'"&H$1&"'!V150") -> 0.10744728 | I39: =INDIRECT("'"&I$1&"'!V150") -> -0.071329198
B40: 旅客运输量（千人） | C40: 当期值 | D40: =INDIRECT("'"&D$1&"'!AF150") -> 1717.4 | E40: =INDIRECT("'"&E$1&"'!AF150") -> 1839.55 | F40: =INDIRECT("'"&F$1&"'!AF150") -> 1949.25 | G40: =INDIRECT("'"&G$1&"'!AF150") -> 307.17 | H40: =INDIRECT("'"&H$1&"'!AF150") -> 492.22 | I40: =INDIRECT("'"&I$1&"'!AF150") -> 359.27
C41: 同比2025 | D41: =INDIRECT("'"&D$1&"'!AG150") -> 0.21097165 | E41: =INDIRECT("'"&E$1&"'!AG150") -> 0.13102155 | F41: =INDIRECT("'"&F$1&"'!AG150") -> 0.2217403 | G41: =INDIRECT("'"&G$1&"'!AG150") -> -0.078701899 | H41: =INDIRECT("'"&H$1&"'!AG150") -> 0.094211275 | I41: =INDIRECT("'"&I$1&"'!AG150") -> 0.10913188
C42: 同比2019 | D42: =INDIRECT("'"&D$1&"'!AH150") -> 0.16410222 | E42: =INDIRECT("'"&E$1&"'!AH150") -> 0.2896543 | F42: =INDIRECT("'"&F$1&"'!AH150") -> 0.19552151 | G42: =INDIRECT("'"&G$1&"'!AH150") -> 0.57514999 | H42: =INDIRECT("'"&H$1&"'!AH150") -> 0.13558657 | I42: =INDIRECT("'"&I$1&"'!AH150") -> -0.17056447
B43: 客座率（%） | C43: 当期值 | D43: =INDIRECT("'"&D$1&"'!AR150") -> 89 | E43: =INDIRECT("'"&E$1&"'!AR150") -> 90.57 | F43: =INDIRECT("'"&F$1&"'!AR150") -> 87.99 | G43: =INDIRECT("'"&G$1&"'!AR150") -> 88.8 | H43: =INDIRECT("'"&H$1&"'!AR150") -> 91.61 | I43: =INDIRECT("'"&I$1&"'!AR150") -> 82.13
C44: 同比2025 | D44: =INDIRECT("'"&D$1&"'!AS150") -> 13.4 | E44: =INDIRECT("'"&E$1&"'!AS150") -> 9.26 | F44: =INDIRECT("'"&F$1&"'!AS150") -> 4.83 | G44: =INDIRECT("'"&G$1&"'!AS150") -> 12.02 | H44: =INDIRECT("'"&H$1&"'!AS150") -> 4.98 | I44: =INDIRECT("'"&I$1&"'!AS150") -> 9.34
C45: 同比2019 | D45: =INDIRECT("'"&D$1&"'!AT150") -> 10.3 | E45: =INDIRECT("'"&E$1&"'!AT150") -> 10.64 | F45: =INDIRECT("'"&F$1&"'!AT150") -> 0.05037603 | G45: =INDIRECT("'"&G$1&"'!AT150") -> 6.12 | H45: =INDIRECT("'"&H$1&"'!AT150") -> 0.74 | I45: =INDIRECT("'"&I$1&"'!AT150") -> 15.52
B46: 地区 | C46: 地区 | D46: 中国国航 | E46: 中国东航 | F46: 南方航空 | G46: 吉祥航空 | H46: 春秋航空 | I46: 海航控股
B47: ASK（百万座公里） | C47: 当期值 | D47: =INDIRECT("'"&D$1&"'!K150") -> 890.6 | E47: =INDIRECT("'"&E$1&"'!K150") -> 534.68 | F47: =INDIRECT("'"&F$1&"'!K150") -> 263.87 | G47: =INDIRECT("'"&G$1&"'!K150") -> 39.6198 | H47: =INDIRECT("'"&H$1&"'!K150") -> 42.2762 | I47: =INDIRECT("'"&I$1&"'!K150") -> 31.03
C48: 同比2025 | D48: =INDIRECT("'"&D$1&"'!L150") -> 0.107023 | E48: =INDIRECT("'"&E$1&"'!L150") -> 0.032958541 | F48: =INDIRECT("'"&F$1&"'!L150") -> 0.08023908 | G48: =INDIRECT("'"&G$1&"'!L150") -> -0.13135999 | H48: =INDIRECT("'"&H$1&"'!L150") -> 0.43030365 | I48: =INDIRECT("'"&I$1&"'!L150") -> -0.11418784
C49: 同比2019 | D49: =INDIRECT("'"&D$1&"'!M150") -> -0.019594892 | E49: =INDIRECT("'"&E$1&"'!M150") -> -0.031499629 | F49: =INDIRECT("'"&F$1&"'!M150") -> -0.29834871 | G49: =INDIRECT("'"&G$1&"'!M150") -> -0.2597225 | H49: =INDIRECT("'"&H$1&"'!M150") -> -0.65115625 | I49: =INDIRECT("'"&I$1&"'!M150") -> -0.44697915
B50: RPK（百万客公里） | C50: 当期值 | D50: =INDIRECT("'"&D$1&"'!W150") -> 693.2 | E50: =INDIRECT("'"&E$1&"'!W150") -> 458.37 | F50: =INDIRECT("'"&F$1&"'!W150") -> 216.53 | G50: =INDIRECT("'"&G$1&"'!W150") -> 34.5898 | H50: =INDIRECT("'"&H$1&"'!W150") -> 38.5001 | I50: =INDIRECT("'"&I$1&"'!W150") -> 22.82
C51: 同比2025 | D51: =INDIRECT("'"&D$1&"'!X150") -> 0.19785727 | E51: =INDIRECT("'"&E$1&"'!X150") -> 0.096946346 | F51: =INDIRECT("'"&F$1&"'!X150") -> 0.1746867 | G51: =INDIRECT("'"&G$1&"'!X150") -> -0.11903422 | H51: =INDIRECT("'"&H$1&"'!X150") -> 0.44197291 | I51: =INDIRECT("'"&I$1&"'!X150") -> 0.094484412
C52: 同比2019 | D52: =INDIRECT("'"&D$1&"'!Y150") -> -0.062483094 | E52: =INDIRECT("'"&E$1&"'!Y150") -> -0.013558009 | F52: =INDIRECT("'"&F$1&"'!Y150") -> -0.26639789 | G52: =INDIRECT("'"&G$1&"'!Y150") -> -0.2540334 | H52: =INDIRECT("'"&H$1&"'!Y150") -> -0.65743707 | I52: =INDIRECT("'"&I$1&"'!Y150") -> -0.52458333
B53: 旅客运输量（千人） | C53: 当期值 | D53: =INDIRECT("'"&D$1&"'!AI150") -> 453.9 | E53: =INDIRECT("'"&E$1&"'!AI150") -> 331.78 | F53: =INDIRECT("'"&F$1&"'!AI150") -> 162.04 | G53: =INDIRECT("'"&G$1&"'!AI150") -> 25.55 | H53: =INDIRECT("'"&H$1&"'!AI150") -> 26.9 | I53: =INDIRECT("'"&I$1&"'!AI150") -> 24.76
C54: 同比2025 | D54: =INDIRECT("'"&D$1&"'!AJ150") -> 0.20653907 | E54: =INDIRECT("'"&E$1&"'!AJ150") -> 0.095960096 | F54: =INDIRECT("'"&F$1&"'!AJ150") -> 0.16091131 | G54: =INDIRECT("'"&G$1&"'!AJ150") -> -0.074945692 | H54: =INDIRECT("'"&H$1&"'!AJ150") -> 0.43696581 | I54: =INDIRECT("'"&I$1&"'!AJ150") -> 0.15809167
C55: 同比2019 | D55: =INDIRECT("'"&D$1&"'!AK150") -> -0.032608696 | E55: =INDIRECT("'"&E$1&"'!AK150") -> -0.035158636 | F55: =INDIRECT("'"&F$1&"'!AK150") -> -0.28408589 | G55: =INDIRECT("'"&G$1&"'!AK150") -> -0.24675708 | H55: =INDIRECT("'"&H$1&"'!AK150") -> -0.62788767 | I55: =INDIRECT("'"&I$1&"'!AK150") -> -0.18013245
B56: 客座率（%） | C56: 当期值 | D56: =INDIRECT("'"&D$1&"'!AU150") -> 77.8 | E56: =INDIRECT("'"&E$1&"'!AU150") -> 85.73 | F56: =INDIRECT("'"&F$1&"'!AU150") -> 82.06 | G56: =INDIRECT("'"&G$1&"'!AU150") -> 87.3 | H56: =INDIRECT("'"&H$1&"'!AU150") -> 91.07 | I56: =INDIRECT("'"&I$1&"'!AU150") -> 73.56
C57: 同比2025 | D57: =INDIRECT("'"&D$1&"'!AV150") -> 5.9 | E57: =INDIRECT("'"&E$1&"'!AV150") -> 5 | F57: =INDIRECT("'"&F$1&"'!AV150") -> 6.6 | G57: =INDIRECT("'"&G$1&"'!AV150") -> 1.22 | H57: =INDIRECT("'"&H$1&"'!AV150") -> 0.74 | I57: =INDIRECT("'"&I$1&"'!AV150") -> 14.04
C58: 同比2019 | D58: =INDIRECT("'"&D$1&"'!AW150") -> -3.6 | E58: =INDIRECT("'"&E$1&"'!AW150") -> 1.56 | F58: =INDIRECT("'"&F$1&"'!AW150") -> 0.045483501 | G58: =INDIRECT("'"&G$1&"'!AW150") -> 0.66 | H58: =INDIRECT("'"&H$1&"'!AW150") -> -1.67 | I58: =INDIRECT("'"&I$1&"'!AW150") -> -11.98
B59: 资料来源：公司公告，申万宏源研究

Sheet 2025季度汇总表
D1: 中国国航 | E1: 中国东航 | F1: 南方航空 | G1: 吉祥航空 | H1: 春秋航空 | I1: 海航控股
B3: 【申万交运】2025年Q4航空数据汇总
B4: 总量 | D4: 中国国航 | E4: 中国东航 | F4: 南方航空 | G4: 吉祥航空 | H4: 春秋航空 | I4: 海航控股
B5: ASK（百万座公里） | C5: 当期值 | D5: =INDIRECT("'"&D$1&"'!B189") -> 89116.5 | E5: =INDIRECT("'"&E$1&"'!B189") -> 77080.97 | F5: =INDIRECT("'"&F$1&"'!B189") -> 90918.45 | G5: =INDIRECT("'"&G$1&"'!B189") -> 14026.494 | H5: =INDIRECT("'"&H$1&"'!B189") -> 14759.844 | I5: =INDIRECT("'"&I$1&"'!B189") -> 38018.11
C6: 同比2024 | D6: =INDIRECT("'"&D$1&"'!C189") -> 0.040960216 | E6: =INDIRECT("'"&E$1&"'!C189") -> 0.084717816 | F6: =INDIRECT("'"&F$1&"'!C189") -> 0.060369923 | G6: =INDIRECT("'"&G$1&"'!C189") -> 0.017196808 | H6: =INDIRECT("'"&H$1&"'!C189") -> 0.12095587 | I6: =INDIRECT("'"&I$1&"'!C189") -> 0.11393985
C7: 同比2019 | D7: =INDIRECT("'"&D$1&"'!D189") -> 0.24796945 | E7: =INDIRECT("'"&E$1&"'!D189") -> 0.17380966 | F7: =INDIRECT("'"&F$1&"'!D189") -> 0.1019785 | G7: =INDIRECT("'"&G$1&"'!D189") -> 0.4020521 | H7: =INDIRECT("'"&H$1&"'!D189") -> 0.38706622 | I7: =INDIRECT("'"&I$1&"'!D189") -> -0.15251291
B8: RPK（百万客公里） | C8: 当期值 | D8: =INDIRECT("'"&D$1&"'!N189") -> 72365.4 | E8: =INDIRECT("'"&E$1&"'!N189") -> 66005.64 | F8: =INDIRECT("'"&F$1&"'!N189") -> 77785.24 | G8: =INDIRECT("'"&G$1&"'!N189") -> 12109.88 | H8: =INDIRECT("'"&H$1&"'!N189") -> 13348.786 | I8: =INDIRECT("'"&I$1&"'!N189") -> 31330.71
C9: 同比2024 | D9: =INDIRECT("'"&D$1&"'!O189") -> 0.069506846 | E9: =INDIRECT("'"&E$1&"'!O189") -> 0.13606699 | F9: =INDIRECT("'"&F$1&"'!O189") -> 0.090767384 | G9: =INDIRECT("'"&G$1&"'!O189") -> 0.051017574 | H9: =INDIRECT("'"&H$1&"'!O189") -> 0.10871267 | I9: =INDIRECT("'"&I$1&"'!O189") -> 0.10864551
C10: 同比2019 | D10: =INDIRECT("'"&D$1&"'!P189") -> 0.25821797 | E10: =INDIRECT("'"&E$1&"'!P189") -> 0.21471043 | F10: =INDIRECT("'"&F$1&"'!P189") -> 0.14398403 | G10: =INDIRECT("'"&G$1&"'!P189") -> 0.41509835 | H10: =INDIRECT("'"&H$1&"'!P189") -> 0.37477876 | I10: =INDIRECT("'"&I$1&"'!P189") -> -0.15684915
B11: 旅客运输量（千人） | C11: 当期值 | D11: =INDIRECT("'"&D$1&"'!Z189") -> 38999.2 | E11: =INDIRECT("'"&E$1&"'!Z189") -> 36719.61 | F11: =INDIRECT("'"&F$1&"'!Z189") -> 41330.93 | G11: =INDIRECT("'"&G$1&"'!Z189") -> 6859.18 | H11: =INDIRECT("'"&H$1&"'!Z189") -> 7775.93 | I11: =INDIRECT("'"&I$1&"'!Z189") -> 16492.77
C12: 同比2024 | D12: =INDIRECT("'"&D$1&"'!AA189") -> 0.047197347 | E12: =INDIRECT("'"&E$1&"'!AA189") -> 0.095455393 | F12: =INDIRECT("'"&F$1&"'!AA189") -> 0.060979673 | G12: =INDIRECT("'"&G$1&"'!AA189") -> -0.0018321335 | H12: =INDIRECT("'"&H$1&"'!AA189") -> 0.13255829 | I12: =INDIRECT("'"&I$1&"'!AA189") -> 0.052079054
C13: 同比2019 | D13: =INDIRECT("'"&D$1&"'!AB189") -> 0.3910004 | E13: =INDIRECT("'"&E$1&"'!AB189") -> 0.14284429 | F13: =INDIRECT("'"&F$1&"'!AB189") -> 0.13563702 | G13: =INDIRECT("'"&G$1&"'!AB189") -> 0.23172484 | H13: =INDIRECT("'"&H$1&"'!AB189") -> 0.40274418 | I13: =INDIRECT("'"&I$1&"'!AB189") -> -0.20688695
B14: 客座率（%） | C14: 当期值 | D14: =INDIRECT("'"&D$1&"'!AL189") -> 81.233333 | E14: =INDIRECT("'"&E$1&"'!AL189") -> 85.633333 | F14: =INDIRECT("'"&F$1&"'!AL189") -> 85.556667 | G14: =INDIRECT("'"&G$1&"'!AL189") -> 86.336667 | H14: =INDIRECT("'"&H$1&"'!AL189") -> 90.446667 | I14: =INDIRECT("'"&I$1&"'!AL189") -> 82.413333
C15: 同比2024 | D15: =INDIRECT("'"&D$1&"'!AM189") -> 2.2 | E15: =INDIRECT("'"&E$1&"'!AM189") -> 3.8766667 | F15: =INDIRECT("'"&F$1&"'!AM189") -> 2.39 | G15: =INDIRECT("'"&G$1&"'!AM189") -> 2.7566667 | H15: =INDIRECT("'"&H$1&"'!AM189") -> -1.0033333 | I15: =INDIRECT("'"&I$1&"'!AM189") -> -0.38
C16: 同比2019 | D16: =INDIRECT("'"&D$1&"'!AN189") -> 0.66666667 | E16: =INDIRECT("'"&E$1&"'!AN189") -> 2.87 | F16: =INDIRECT("'"&F$1&"'!AN189") -> 3.1366667 | G16: =INDIRECT("'"&G$1&"'!AN189") -> 0.79333333 | H16: =INDIRECT("'"&H$1&"'!AN189") -> -0.81 | I16: =INDIRECT("'"&I$1&"'!AN189") -> -0.42333333
B17: 国内 | D17: 中国国航 | E17: 中国东航 | F17: 南方航空 | G17: 吉祥航空 | H17: 春秋航空 | I17: 海航控股
B18: ASK（百万座公里） | C18: 当期值 | D18: =INDIRECT("'"&D$1&"'!E189") -> 60344.2 | E18: =INDIRECT("'"&E$1&"'!E189") -> 50325.39 | F18: =INDIRECT("'"&F$1&"'!E189") -> 65948.29 | G18: =INDIRECT("'"&G$1&"'!E189") -> 9838.1061 | H18: =INDIRECT("'"&H$1&"'!E189") -> 11787.13 | I18: =INDIRECT("'"&I$1&"'!E189") -> 28764.37
C19: 同比2024 | D19: =INDIRECT("'"&D$1&"'!F189") -> 0.011437804 | E19: =INDIRECT("'"&E$1&"'!F189") -> 0.037559465 | F19: =INDIRECT("'"&F$1&"'!F189") -> 0.02045844 | G19: =INDIRECT("'"&G$1&"'!F189") -> -0.10214622 | H19: =INDIRECT("'"&H$1&"'!F189") -> 0.10880427 | I19: =INDIRECT("'"&I$1&"'!F189") -> 0.025617648
C20: 同比2019 | D20: =INDIRECT("'"&D$1&"'!G189") -> 0.50071126 | E20: =INDIRECT("'"&E$1&"'!G189") -> 0.21159934 | F20: =INDIRECT("'"&F$1&"'!G189") -> 0.17747015 | G20: =INDIRECT("'"&G$1&"'!G189") -> 0.16695886 | H20: =INDIRECT("'"&H$1&"'!G189") -> 0.67859325 | I20: =INDIRECT("'"&I$1&"'!G189") -> -0.10728988
B21: RPK（百万客公里） | C21: 当期值 | D21: =INDIRECT("'"&D$1&"'!Q189") -> 50421.5 | E21: =INDIRECT("'"&E$1&"'!Q189") -> 43812.48 | F21: =INDIRECT("'"&F$1&"'!Q189") -> 56797.88 | G21: =INDIRECT("'"&G$1&"'!Q189") -> 8712.3471 | H21: =INDIRECT("'"&H$1&"'!Q189") -> 10753.903 | I21: =INDIRECT("'"&I$1&"'!Q189") -> 24692.36
C22: 同比2024 | D22: =INDIRECT("'"&D$1&"'!R189") -> 0.045887412 | E22: =INDIRECT("'"&E$1&"'!R189") -> 0.088972005 | F22: =INDIRECT("'"&F$1&"'!R189") -> 0.05061256 | G22: =INDIRECT("'"&G$1&"'!R189") -> -0.068444968 | H22: =INDIRECT("'"&H$1&"'!R189") -> 0.10296164 | I22: =INDIRECT("'"&I$1&"'!R189") -> 0.032847605
C23: 同比2019 | D23: =INDIRECT("'"&D$1&"'!S189") -> 0.52870249 | E23: =INDIRECT("'"&E$1&"'!S189") -> 0.26085864 | F23: =INDIRECT("'"&F$1&"'!S189") -> 0.22777318 | G23: =INDIRECT("'"&G$1&"'!S189") -> 0.20270571 | H23: =INDIRECT("'"&H$1&"'!S189") -> 0.65982807 | I23: =INDIRECT("'"&I$1&"'!S189") -> -0.12302976
B24: 旅客运输量（千人） | C24: 当期值 | D24: =INDIRECT("'"&D$1&"'!AC189") -> 33258 | E24: =INDIRECT("'"&E$1&"'!AC189") -> 30706.65 | F24: =INDIRECT("'"&F$1&"'!AC189") -> 35802.07 | G24: =INDIRECT("'"&G$1&"'!AC189") -> 5753.78 | H24: =INDIRECT("'"&H$1&"'!AC189") -> 6322.4 | I24: =INDIRECT("'"&I$1&"'!AC189") -> 15438.47
C25: 同比2024 | D25: =INDIRECT("'"&D$1&"'!AD189") -> 0.037500117 | E25: =INDIRECT("'"&E$1&"'!AD189") -> 0.077457694 | F25: =INDIRECT("'"&F$1&"'!AD189") -> 0.043676807 | G25: =INDIRECT("'"&G$1&"'!AD189") -> -0.049525984 | H25: =INDIRECT("'"&H$1&"'!AD189") -> 0.10648307 | I25: =INDIRECT("'"&I$1&"'!AD189") -> 0.029737278
C26: 同比2019 | D26: =INDIRECT("'"&D$1&"'!AE189") -> 0.49375469 | E26: =INDIRECT("'"&E$1&"'!AE189") -> 0.14850465 | F26: =INDIRECT("'"&F$1&"'!AE189") -> 0.16255019 | G26: =INDIRECT("'"&G$1&"'!AE189") -> 0.17427437 | H26: =INDIRECT("'"&H$1&"'!AE189") -> 0.5504971 | I26: =INDIRECT("'"&I$1&"'!AE189") -> -0.20025663
B27: 客座率（%） | C27: 当期值 | D27: =INDIRECT("'"&D$1&"'!AO189") -> 83.566667 | E27: =INDIRECT("'"&E$1&"'!AO189") -> 87.056667 | F27: =INDIRECT("'"&F$1&"'!AO189") -> 86.116667 | G27: =INDIRECT("'"&G$1&"'!AO189") -> 88.553333 | H27: =INDIRECT("'"&H$1&"'!AO189") -> 91.23 | I27: =INDIRECT("'"&I$1&"'!AO189") -> 85.843333
C28: 同比2024 | D28: =INDIRECT("'"&D$1&"'!AP189") -> 2.7666667 | E28: =INDIRECT("'"&E$1&"'!AP189") -> 4.1166667 | F28: =INDIRECT("'"&F$1&"'!AP189") -> 2.4766667 | G28: =INDIRECT("'"&G$1&"'!AP189") -> 3.1833333 | H28: =INDIRECT("'"&H$1&"'!AP189") -> -0.49666667 | I28: =INDIRECT("'"&I$1&"'!AP189") -> 0.6
C29: 同比2019 | D29: =INDIRECT("'"&D$1&"'!AQ189") -> 1.5333333 | E29: =INDIRECT("'"&E$1&"'!AQ189") -> 3.38 | F29: =INDIRECT("'"&F$1&"'!AQ189") -> 3.5133333 | G29: =INDIRECT("'"&G$1&"'!AQ189") -> 2.6233333 | H29: =INDIRECT("'"&H$1&"'!AQ189") -> -1.0333333 | I29: =INDIRECT("'"&I$1&"'!AQ189") -> -1.5433333
B30: 国际 | C30: 国际 | D30: 中国国航 | E30: 中国东航 | F30: 南方航空 | G30: 吉祥航空 | H30: 春秋航空 | I30: 海航控股
B31: ASK（百万座公里） | C31: 当期值 | D31: =INDIRECT("'"&D$1&"'!H189") -> 26241.9 | E31: =INDIRECT("'"&E$1&"'!H189") -> 25133.25 | F31: =INDIRECT("'"&F$1&"'!H189") -> 24114.02 | G31: =INDIRECT("'"&G$1&"'!H189") -> 4093.5049 | H31: =INDIRECT("'"&H$1&"'!H189") -> 2889.3836 | I31: =INDIRECT("'"&I$1&"'!H189") -> 9141.59
C32: 同比2024 | D32: =INDIRECT("'"&D$1&"'!I189") -> 0.12376348 | E32: =INDIRECT("'"&E$1&"'!I189") -> 0.20299451 | F32: =INDIRECT("'"&F$1&"'!I189") -> 0.19071996 | G32: =INDIRECT("'"&G$1&"'!I189") -> 0.52230204 | H32: =INDIRECT("'"&H$1&"'!I189") -> 0.18881275 | I32: =INDIRECT("'"&I$1&"'!I189") -> 0.52388279
C33: 同比2019 | D33: =INDIRECT("'"&D$1&"'!J189") -> -0.072081724 | E33: =INDIRECT("'"&E$1&"'!J189") -> 0.12346806 | F33: =INDIRECT("'"&F$1&"'!J189") -> -0.046055081 | G33: =INDIRECT("'"&G$1&"'!J189") -> 1.9097359 | H33: =INDIRECT("'"&H$1&"'!J189") -> -0.11400815 | I33: =INDIRECT("'"&I$1&"'!J189") -> -0.26511478
B34: RPK（百万客公里） | C34: 当期值 | D34: =INDIRECT("'"&D$1&"'!T189") -> 20074 | E34: =INDIRECT("'"&E$1&"'!T189") -> 20845.44 | F34: =INDIRECT("'"&F$1&"'!T189") -> 20309.02 | G34: =INDIRECT("'"&G$1&"'!T189") -> 3314.4366 | H34: =INDIRECT("'"&H$1&"'!T189") -> 2521.2752 | I34: =INDIRECT("'"&I$1&"'!T189") -> 6558.32
C35: 同比2024 | D35: =INDIRECT("'"&D$1&"'!U189") -> 0.14178132 | E35: =INDIRECT("'"&E$1&"'!U189") -> 0.25620269 | F35: =INDIRECT("'"&F$1&"'!U189") -> 0.22478368 | G35: =INDIRECT("'"&G$1&"'!U189") -> 0.61312514 | H35: =INDIRECT("'"&H$1&"'!U189") -> 0.14946759 | I35: =INDIRECT("'"&I$1&"'!U189") -> 0.52553128
C36: 同比2019 | D36: =INDIRECT("'"&D$1&"'!V189") -> -0.095777985 | E36: =INDIRECT("'"&E$1&"'!V189") -> 0.14937286 | F36: =INDIRECT("'"&F$1&"'!V189") -> -0.023417473 | G36: =INDIRECT("'"&G$1&"'!V189") -> 1.8280335 | H36: =INDIRECT("'"&H$1&"'!V189") -> -0.13167513 | I36: =INDIRECT("'"&I$1&"'!V189") -> -0.25906327
B37: 旅客运输量（千人） | C37: 当期值 | D37: =INDIRECT("'"&D$1&"'!AF189") -> 4540.1 | E37: =INDIRECT("'"&E$1&"'!AF189") -> 5045.27 | F37: =INDIRECT("'"&F$1&"'!AF189") -> 5068.49 | G37: =INDIRECT("'"&G$1&"'!AF189") -> 1044.5 | H37: =INDIRECT("'"&H$1&"'!AF189") -> 1400.98 | I37: =INDIRECT("'"&I$1&"'!AF189") -> 989.58
C38: 同比2024 | D38: =INDIRECT("'"&D$1&"'!AG189") -> 0.13242043 | E38: =INDIRECT("'"&E$1&"'!AG189") -> 0.22804067 | F38: =INDIRECT("'"&F$1&"'!AG189") -> 0.22278729 | G38: =INDIRECT("'"&G$1&"'!AG189") -> 0.40979093 | H38: =INDIRECT("'"&H$1&"'!AG189") -> 0.2902388 | I38: =INDIRECT("'"&I$1&"'!AG189") -> 0.54662957
C39: 同比2019 | D39: =INDIRECT("'"&D$1&"'!AH189") -> 0.059162487 | E39: =INDIRECT("'"&E$1&"'!AH189") -> 0.16480201 | F39: =INDIRECT("'"&F$1&"'!AH189") -> 0.033409248 | G39: =INDIRECT("'"&G$1&"'!AH189") -> 0.83894083 | H39: =INDIRECT("'"&H$1&"'!AH189") -> 0.11642547 | I39: =INDIRECT("'"&I$1&"'!AH189") -> -0.29279344
B40: 客座率（%） | C40: 当期值 | D40: =INDIRECT("'"&D$1&"'!AR189") -> 76.5 | E40: =INDIRECT("'"&E$1&"'!AR189") -> 82.95 | F40: =INDIRECT("'"&F$1&"'!AR189") -> 84.213333 | G40: =INDIRECT("'"&G$1&"'!AR189") -> 80.996667 | H40: =INDIRECT("'"&H$1&"'!AR189") -> 87.29 | I40: =INDIRECT("'"&I$1&"'!AR189") -> 71.753333
C41: 同比2024 | D41: =INDIRECT("'"&D$1&"'!AS189") -> 1.1666667 | E41: =INDIRECT("'"&E$1&"'!AS189") -> 3.51 | F41: =INDIRECT("'"&F$1&"'!AS189") -> 2.3133333 | G41: =INDIRECT("'"&G$1&"'!AS189") -> 4.5033333 | H41: =INDIRECT("'"&H$1&"'!AS189") -> -2.99 | I41: =INDIRECT("'"&I$1&"'!AS189") -> 0.14333333
C42: 同比2019 | D42: =INDIRECT("'"&D$1&"'!AT189") -> -2.0333333 | E42: =INDIRECT("'"&E$1&"'!AT189") -> 1.8766667 | F42: =INDIRECT("'"&F$1&"'!AT189") -> 1.9533333 | G42: =INDIRECT("'"&G$1&"'!AT189") -> -2.3133333 | H42: =INDIRECT("'"&H$1&"'!AT189") -> -1.79 | I42: =INDIRECT("'"&I$1&"'!AT189") -> 0.63666667
B43: 地区 | C43: 地区 | D43: 中国国航 | E43: 中国东航 | F43: 南方航空 | G43: 吉祥航空 | H43: 春秋航空 | I43: 海航控股
B44: ASK（百万座公里） | C44: 当期值 | D44: =INDIRECT("'"&D$1&"'!K189") -> 2530.3 | E44: =INDIRECT("'"&E$1&"'!K189") -> 1622.33 | F44: =INDIRECT("'"&F$1&"'!K189") -> 856.12 | G44: =INDIRECT("'"&G$1&"'!K189") -> 94.883 | H44: =INDIRECT("'"&H$1&"'!K189") -> 83.3306 | I44: =INDIRECT("'"&I$1&"'!K189") -> 112.15
C45: 同比2024 | D45: =INDIRECT("'"&D$1&"'!L189") -> -0.025420791 | E45: =INDIRECT("'"&E$1&"'!L189") -> -0.025627628 | F45: =INDIRECT("'"&F$1&"'!L189") -> -0.0096132712 | G45: =INDIRECT("'"&G$1&"'!L189") -> -0.33638646 | H45: =INDIRECT("'"&H$1&"'!L189") -> -0.215554 | I45: =INDIRECT("'"&I$1&"'!L189") -> 0.32502363
C46: 同比2019 | D46: =INDIRECT("'"&D$1&"'!M189") -> -0.13295412 | E46: =INDIRECT("'"&E$1&"'!M189") -> -0.078163976 | F46: =INDIRECT("'"&F$1&"'!M189") -> -0.29714464 | G46: =INDIRECT("'"&G$1&"'!M189") -> -0.43142602 | H46: =INDIRECT("'"&H$1&"'!M189") -> -0.76712778 | I46: =INDIRECT("'"&I$1&"'!M189") -> -0.43626219
B47: RPK（百万客公里） | C47: 当期值 | D47: =INDIRECT("'"&D$1&"'!W189") -> 1870 | E47: =INDIRECT("'"&E$1&"'!W189") -> 1347.72 | F47: =INDIRECT("'"&F$1&"'!W189") -> 678.34 | G47: =INDIRECT("'"&G$1&"'!W189") -> 83.0966 | H47: =INDIRECT("'"&H$1&"'!W189") -> 73.6075 | I47: =INDIRECT("'"&I$1&"'!W189") -> 80.03
C48: 同比2024 | D48: =INDIRECT("'"&D$1&"'!X189") -> -0.00090826521 | E48: =INDIRECT("'"&E$1&"'!X189") -> 0.058488121 | F48: =INDIRECT("'"&F$1&"'!X189") -> 0.013930824 | G48: =INDIRECT("'"&G$1&"'!X189") -> -0.27684234 | H48: =INDIRECT("'"&H$1&"'!X189") -> -0.23677796 | I48: =INDIRECT("'"&I$1&"'!X189") -> 0.47547935
C49: 同比2019 | D49: =INDIRECT("'"&D$1&"'!Y189") -> -0.19770036 | E49: =INDIRECT("'"&E$1&"'!Y189") -> -0.073152281 | F49: =INDIRECT("'"&F$1&"'!Y189") -> -0.27693095 | G49: =INDIRECT("'"&G$1&"'!Y189") -> -0.41347109 | H49: =INDIRECT("'"&H$1&"'!Y189") -> -0.77506295 | I49: =INDIRECT("'"&I$1&"'!Y189") -> -0.47087603
B50: 旅客运输量（千人） | C50: 当期值 | D50: =INDIRECT("'"&D$1&"'!AI189") -> 1201.1 | E50: =INDIRECT("'"&E$1&"'!AI189") -> 967.7 | F50: =INDIRECT("'"&F$1&"'!AI189") -> 460.38 | G50: =INDIRECT("'"&G$1&"'!AI189") -> 60.9 | H50: =INDIRECT("'"&H$1&"'!AI189") -> 52.55 | I50: =INDIRECT("'"&I$1&"'!AI189") -> 64.72
C51: 同比2024 | D51: =INDIRECT("'"&D$1&"'!AJ189") -> 0.020909477 | E51: =INDIRECT("'"&E$1&"'!AJ189") -> 0.060609382 | F51: =INDIRECT("'"&F$1&"'!AJ189") -> -0.091253627 | G51: =INDIRECT("'"&G$1&"'!AJ189") -> -0.21205848 | H51: =INDIRECT("'"&H$1&"'!AJ189") -> -0.20402908 | I51: =INDIRECT("'"&I$1&"'!AJ189") -> 0.47459558
C52: 同比2019 | D52: =INDIRECT("'"&D$1&"'!AK189") -> -0.19150512 | E52: =INDIRECT("'"&E$1&"'!AK189") -> -0.089120654 | F52: =INDIRECT("'"&F$1&"'!AK189") -> -0.33635092 | G52: =INDIRECT("'"&G$1&"'!AK189") -> -0.39649192 | H52: =INDIRECT("'"&H$1&"'!AK189") -> -0.75074705 | I52: =INDIRECT("'"&I$1&"'!AK189") -> -0.29198118
B53: 客座率（%） | C53: 当期值 | D53: =INDIRECT("'"&D$1&"'!AU189") -> 73.933333 | E53: =INDIRECT("'"&E$1&"'!AU189") -> 83.126667 | F53: =INDIRECT("'"&F$1&"'!AU189") -> 79.25 | G53: =INDIRECT("'"&G$1&"'!AU189") -> 87.576667 | H53: =INDIRECT("'"&H$1&"'!AU189") -> 88.37 | I53: =INDIRECT("'"&I$1&"'!AU189") -> 71.343333
C54: 同比2024 | D54: =INDIRECT("'"&D$1&"'!AV189") -> 1.8333333 | E54: =INDIRECT("'"&E$1&"'!AV189") -> 6.6333333 | F54: =INDIRECT("'"&F$1&"'!AV189") -> 1.8366667 | G54: =INDIRECT("'"&G$1&"'!AV189") -> 7.2033333 | H54: =INDIRECT("'"&H$1&"'!AV189") -> -2.4466667 | I54: =INDIRECT("'"&I$1&"'!AV189") -> 7.75
C55: 同比2019 | D55: =INDIRECT("'"&D$1&"'!AW189") -> -5.9666667 | E55: =INDIRECT("'"&E$1&"'!AW189") -> 0.50333333 | F55: =INDIRECT("'"&F$1&"'!AW189") -> 2.2033333 | G55: =INDIRECT("'"&G$1&"'!AW189") -> 2.6 | H55: =INDIRECT("'"&H$1&"'!AW189") -> -3.0733333 | I55: =INDIRECT("'"&I$1&"'!AW189") -> -4.6933333
B56: 资料来源：公司公告，申万宏源研究

Sheet 中国国航
A1: 指标名称 | B1: 可用座公里（百万） | C1: 同比上年 | D1: 同比19 | E1: 可用座公里:国内 | F1: 同比上年 | G1: 同比19 | H1: 可用座公里:国际 | I1: 同比上年 | J1: 同比19 | K1: 可用座公里:地区 | L1: 同比上年 | M1: 同比19 | N1: 收入客公里（百万） | O1: 同比上年 | P1: 同比19 | Q1: 收入客公里:国内 | R1: 同比上年 | S1: 同比19 | T1: 收入客公里:国际 | U1: 同比上年 | V1: 同比19 | W1: 收入客公里:地区 | X1: 同比上年 | Y1: 同比19 | Z1: 客运量（千人次） | AA1: 同比上年 | AB1: 同比19 | AC1: 客运量:国内 | AD1: 同比上年 | AE1: 同比19 | AF1: 客运量:国际 | AG1: 同比上年 | AH1: 同比19 | AI1: 客运量:地区 | AJ1: 同比上年 | AK1: 同比19 | AL1: 客座率 | AM1: 同比上年 | AN1: 同比19 | AO1: 客座率:国内 | AP1: 同比上年 | AQ1: 同比19 | AR1: 客座率:国际 | AS1: 同比上年 | AT1: 同比19 | AU1: 客座率:地区 | AV1: 同比上年 | AW1: 同比19 | AX1: 运营飞机数 | AY1: 同比上年 | AZ1: 同比19
A2: 频率 | B2: 月 | E2: 月 | H2: 月 | K2: 月 | N2: 月 | Q2: 月 | T2: 月 | W2: 月 | Z2: 月 | AC2: 月 | AF2: 月 | AI2: 月 | AL2: 月 | AO2: 月 | AR2: 月 | AU2: 月
B3: ASK | E3: Domestic | H3: International | K3: Regional | N3: RPK | Q3: Domestic | T3: International | W3: Regional | Z3: Pax volume | AC3: Domestic | AF3: International | AI3: Regional | AL3: PLF | AO3: Domestic | AR3: International | AU3: Regional
A4: 41670 | B4: =国航自动更新!B124 -> 15893.3 | E4: =国航自动更新!C124 -> 10507.9 | H4: =国航自动更新!D124 -> 4578.3 | K4: =国航自动更新!E124 -> 807.2 | N4: =国航自动更新!F124 -> 12895.9 | Q4: =国航自动更新!G124 -> 8503.7 | T4: =国航自动更新!H124 -> 3791.1 | W4: =国航自动更新!I124 -> 601.1 | Z4: =国航自动更新!J124 -> 6853.3 | AC4: =国航自动更新!K124 -> 5781.5 | AF4: =国航自动更新!L124 -> 705.9 | AI4: =国航自动更新!M124 -> 365.9 | AL4: =国航自动更新!N124 -> 81.1 | AO4: =国航自动更新!O124 -> 80.9 | AR4: =国航自动更新!P124 -> 82.8 | AU4: =国航自动更新!Q124 -> 74.5 | AX4: =国航自动更新!R124 -> 0
A5: 41698 | B5: =国航自动更新!B125 -> 14641.1 | E5: =国航自动更新!C125 -> 9841.5 | H5: =国航自动更新!D125 -> 4067 | K5: =国航自动更新!E125 -> 732.5 | N5: =国航自动更新!F125 -> 12424.7 | Q5: =国航自动更新!G125 -> 8596.7 | T5: =国航自动更新!H125 -> 3249.9 | W5: =国航自动更新!I125 -> 578.1 | Z5: =国航自动更新!J125 -> 6775.2 | AC5: =国航自动更新!K125 -> 5782.9 | AF5: =国航自动更新!L125 -> 632.2 | AI5: =国航自动更新!M125 -> 360.1 | AL5: =国航自动更新!N125 -> 84.9 | AO5: =国航自动更新!O125 -> 87.4 | AR5: =国航自动更新!P125 -> 79.9 | AU5: =国航自动更新!Q125 -> 78.9 | AX5: =国航自动更新!R125 -> 0
A6: 41729 | B6: =国航自动更新!B126 -> 15409.7 | E6: =国航自动更新!C126 -> 9999.9 | H6: =国航自动更新!D126 -> 4642 | K6: =国航自动更新!E126 -> 767.8 | N6: =国航自动更新!F126 -> 12242.3 | Q6: =国航自动更新!G126 -> 8071.3 | T6: =国航自动更新!H126 -> 3599.6 | W6: =国航自动更新!I126 -> 571.3 | Z6: =国航自动更新!J126 -> 6549.6 | AC6: =国航自动更新!K126 -> 5489.6 | AF6: =国航自动更新!L126 -> 699.6 | AI6: =国航自动更新!M126 -> 360.3 | AL6: =国航自动更新!N126 -> 79.4 | AO6: =国航自动更新!O126 -> 80.7 | AR6: =国航自动更新!P126 -> 77.5 | AU6: =国航自动更新!Q126 -> 74.4 | AX6: =国航自动更新!R126 -> 0
A7: 41759 | B7: =国航自动更新!B127 -> 15775.9 | E7: =国航自动更新!C127 -> 9921.4 | H7: =国航自动更新!D127 -> 5051.7 | K7: =国航自动更新!E127 -> 802.8 | N7: =国航自动更新!F127 -> 12604.2 | Q7: =国航自动更新!G127 -> 8119.4 | T7: =国航自动更新!H127 -> 3901.1 | W7: =国航自动更新!I127 -> 583.7 | Z7: =国航自动更新!J127 -> 6752.9 | AC7: =国航自动更新!K127 -> 5635 | AF7: =国航自动更新!L127 -> 747.2 | AI7: =国航自动更新!M127 -> 370.7 | AL7: =国航自动更新!N127 -> 79.9 | AO7: =国航自动更新!O127 -> 81.8 | AR7: =国航自动更新!P127 -> 77.2 | AU7: =国航自动更新!Q127 -> 72.7 | AX7: =国航自动更新!R127 -> 0
A8: 41790 | B8: =国航自动更新!B128 -> 15695.8 | E8: =国航自动更新!C128 -> 9695.6 | H8: =国航自动更新!D128 -> 5198.1 | K8: =国航自动更新!E128 -> 802 | N8: =国航自动更新!F128 -> 12379.5 | Q8: =国航自动更新!G128 -> 7878 | T8: =国航自动更新!H128 -> 3944.8 | W8: =国航自动更新!I128 -> 556.7 | Z8: =国航自动更新!J128 -> 6603.1 | AC8: =国航自动更新!K128 -> 5522.3 | AF8: =国航自动更新!L128 -> 727.6 | AI8: =国航自动更新!M128 -> 353.2 | AL8: =国航自动更新!N128 -> 78.9 | AO8: =国航自动更新!O128 -> 81.3 | AR8: =国航自动更新!P128 -> 75.9 | AU8: =国航自动更新!Q128 -> 69.4 | AX8: =国航自动更新!R128 -> 0
A9: 41820 | B9: =国航自动更新!B129 -> 15713.2 | E9: =国航自动更新!C129 -> 9718.4 | H9: =国航自动更新!D129 -> 5225.7 | K9: =国航自动更新!E129 -> 769 | N9: =国航自动更新!F129 -> 12507.3 | Q9: =国航自动更新!G129 -> 7841.5 | T9: =国航自动更新!H129 -> 4113 | W9: =国航自动更新!I129 -> 552.7 | Z9: =国航自动更新!J129 -> 6610.2 | AC9: =国航自动更新!K129 -> 5505.5 | AF9: =国航自动更新!L129 -> 751.2 | AI9: =国航自动更新!M129 -> 353.6 | AL9: =国航自动更新!N129 -> 79.6 | AO9: =国航自动更新!O129 -> 80.7 | AR9: =国航自动更新!P129 -> 78.7 | AU9: =国航自动更新!Q129 -> 71.9 | AX9: =国航自动更新!R129 -> 0
A10: 41851 | B10: =国航自动更新!B130 -> 16866.3 | E10: =国航自动更新!C130 -> 10579.6 | H10: =国航自动更新!D130 -> 5491.8 | K10: =国航自动更新!E130 -> 794.9 | N10: =国航自动更新!F130 -> 13650.5 | Q10: =国航自动更新!G130 -> 8602.6 | T10: =国航自动更新!H130 -> 4433.2 | W10: =国航自动更新!I130 -> 614.6 | Z10: =国航自动更新!J130 -> 7341 | AC10: =国航自动更新!K130 -> 6094.6 | AF10: =国航自动更新!L130 -> 853.4 | AI10: =国航自动更新!M130 -> 393 | AL10: =国航自动更新!N130 -> 80.9 | AO10: =国航自动更新!O130 -> 81.3 | AR10: =国航自动更新!P130 -> 80.7 | AU10: =国航自动更新!Q130 -> 77.3 | AX10: =国航自动更新!R130 -> 0
A11: 41882 | B11: =国航自动更新!B131 -> 17452.5 | E11: =国航自动更新!C131 -> 11056.2 | H11: =国航自动更新!D131 -> 5563.2 | K11: =国航自动更新!E131 -> 833.1 | N11: =国航自动更新!F131 -> 14335 | Q11: =国航自动更新!G131 -> 9000.2 | T11: =国航自动更新!H131 -> 4689.8 | W11: =国航自动更新!I131 -> 644.9 | Z11: =国航自动更新!J131 -> 7711.6 | AC11: =国航自动更新!K131 -> 6374.5 | AF11: =国航自动更新!L131 -> 929.4 | AI11: =国航自动更新!M131 -> 407.7 | AL11: =国航自动更新!N131 -> 82.1 | AO11: =国航自动更新!O131 -> 81.4 | AR11: =国航自动更新!P131 -> 84.3 | AU11: =国航自动更新!Q131 -> 77.4 | AX11: =国航自动更新!R131 -> 0
A12: 41912 | B12: =国航自动更新!B132 -> 16300 | E12: =国航自动更新!C132 -> 10093.6 | H12: =国航自动更新!D132 -> 5415.6 | K12: =国航自动更新!E132 -> 790.9 | N12: =国航自动更新!F132 -> 12944.4 | Q12: =国航自动更新!G132 -> 8151.6 | T12: =国航自动更新!H132 -> 4221.4 | W12: =国航自动更新!I132 -> 571.4 | Z12: =国航自动更新!J132 -> 6893.3 | AC12: =国航自动更新!K132 -> 5717.2 | AF12: =国航自动更新!L132 -> 823.1 | AI12: =国航自动更新!M132 -> 353.1 | AL12: =国航自动更新!N132 -> 79.4 | AO12: =国航自动更新!O132 -> 80.8 | AR12: =国航自动更新!P132 -> 77.9 | AU12: =国航自动更新!Q132 -> 72.2 | AX12: =国航自动更新!R132 -> 0
A13: 41943 | B13: =国航自动更新!B133 -> 16879.2 | E13: =国航自动更新!C133 -> 10461.8 | H13: =国航自动更新!D133 -> 5589.6 | K13: =国航自动更新!E133 -> 827.8 | N13: =国航自动更新!F133 -> 13266.9 | Q13: =国航自动更新!G133 -> 8560.5 | T13: =国航自动更新!H133 -> 4116.1 | W13: =国航自动更新!I133 -> 590.3 | Z13: =国航自动更新!J133 -> 7229.5 | AC13: =国航自动更新!K133 -> 6032.9 | AF13: =国航自动更新!L133 -> 827.4 | AI13: =国航自动更新!M133 -> 369.2 | AL13: =国航自动更新!N133 -> 78.6 | AO13: =国航自动更新!O133 -> 81.8 | AR13: =国航自动更新!P133 -> 73.6 | AU13: =国航自动更新!Q133 -> 71.3 | AX13: =国航自动更新!R133 -> 0
A14: 41973 | B14: =国航自动更新!B134 -> 16297.3 | E14: =国航自动更新!C134 -> 10624.9 | H14: =国航自动更新!D134 -> 4880 | K14: =国航自动更新!E134 -> 792.4 | N14: =国航自动更新!F134 -> 12681.5 | Q14: =国航自动更新!G134 -> 8500.5 | T14: =国航自动更新!H134 -> 3611.1 | W14: =国航自动更新!I134 -> 569.9 | Z14: =国航自动更新!J134 -> 6922.8 | AC14: =国航自动更新!K134 -> 5809.3 | AF14: =国航自动更新!L134 -> 755.6 | AI14: =国航自动更新!M134 -> 357.8 | AL14: =国航自动更新!N134 -> 77.8 | AO14: =国航自动更新!O134 -> 80 | AR14: =国航自动更新!P134 -> 74 | AU14: =国航自动更新!Q134 -> 71.9 | AX14: =国航自动更新!R134 -> 0
A15: 42004 | B15: =国航自动更新!B135 -> 16671 | E15: =国航自动更新!C135 -> 10617.9 | H15: =国航自动更新!D135 -> 5248.2 | K15: =国航自动更新!E135 -> 804.8 | N15: =国航自动更新!F135 -> 12750.5 | Q15: =国航自动更新!G135 -> 8273 | T15: =国航自动更新!H135 -> 3912.2 | W15: =国航自动更新!I135 -> 565.4 | Z15: =国航自动更新!J135 -> 6765.8 | AC15: =国航自动更新!K135 -> 5624.9 | AF15: =国航自动更新!L135 -> 784.3 | AI15: =国航自动更新!M135 -> 356.6 | AL15: =国航自动更新!N135 -> 76.5 | AO15: =国航自动更新!O135 -> 77.9 | AR15: =国航自动更新!P135 -> 74.5 | AU15: =国航自动更新!Q135 -> 70.2 | AX15: =国航自动更新!R135 -> 0
A16: 42035 | B16: =国航自动更新!B136 -> 16712.4 | C16: =B16/B4-1 -> 0.05153744 | E16: =国航自动更新!C136 -> 10693.3 | F16: =E16/E4-1 -> 0.017643868 | H16: =国航自动更新!D136 -> 5237.4 | I16: =H16/H4-1 -> 0.14396173 | K16: =国航自动更新!E136 -> 781.7 | L16: =K16/K4-1 -> -0.031590684 | N16: =国航自动更新!F136 -> 12777.5 | O16: =N16/N4-1 -> -0.0091812126 | Q16: =国航自动更新!G136 -> 8405 | R16: =Q16/Q4-1 -> -0.011606712 | T16: =国航自动更新!H136 -> 3865.1 | U16: =T16/T4-1 -> 0.019519401 | W16: =国航自动更新!I136 -> 507.4 | X16: =W16/W4-1 -> -0.15588089 | Z16: =国航自动更新!J136 -> 6731.1 | AA16: =Z16/Z4-1 -> -0.017830826 | AC16: =国航自动更新!K136 -> 5638 | AD16: =AC16/AC4-1 -> -0.024820548 | AF16: =国航自动更新!L136 -> 776.8 | AG16: =AF16/AF4-1 -> 0.10043916 | AI16: =国航自动更新!M136 -> 316.3 | AJ16: =AI16/AI4-1 -> -0.13555616 | AL16: =国航自动更新!N136 -> 76.5 | AM16: =AL16-AL4 -> -4.6 | AO16: =国航自动更新!O136 -> 78.6 | AP16: =AO16-AO4 -> -2.3 | AR16: =国航自动更新!P136 -> 73.8 | AS16: =AR16-AR4 -> -9 | AU16: =国航自动更新!Q136 -> 64.9 | AV16: =AU16-AU4 -> -9.6 | AX16: =国航自动更新!R136 -> 0
A17: 42063 | B17: =国航自动更新!B137 -> 16429.4 | C17: =B17/B5-1 -> 0.12214246 | E17: =国航自动更新!C137 -> 10662.6 | F17: =E17/E5-1 -> 0.083432404 | H17: =国航自动更新!D137 -> 4930.3 | I17: =H17/H5-1 -> 0.21226949 | K17: =国航自动更新!E137 -> 836.5 | L17: =K17/K5-1 -> 0.14197952 | N17: =国航自动更新!F137 -> 13557.3 | O17: =N17/N5-1 -> 0.091157131 | Q17: =国航自动更新!G137 -> 8930.2 | R17: =Q17/Q5-1 -> 0.038793956 | T17: =国航自动更新!H137 -> 3967.9 | U17: =T17/T5-1 -> 0.22092987 | W17: =国航自动更新!I137 -> 659.2 | X17: =W17/W5-1 -> 0.14028715 | Z17: =国航自动更新!J137 -> 7269.7 | AA17: =Z17/Z5-1 -> 0.072986775 | AC17: =国航自动更新!K137 -> 6004 | AD17: =AC17/AC5-1 -> 0.038233412 | AF17: =国航自动更新!L137 -> 851.7 | AG17: =AF17/AF5-1 -> 0.34720025 | AI17: =国航自动更新!M137 -> 414 | AJ17: =AI17/AI5-1 -> 0.14968064 | AL17: =国航自动更新!N137 -> 82.5 | AM17: =AL17-AL5 -> -2.4 | AO17: =国航自动更新!O137 -> 83.8 | AP17: =AO17-AO5 -> -3.6 | AR17: =国航自动更新!P137 -> 80.5 | AS17: =AR17-AR5 -> 0.6 | AU17: =国航自动更新!Q137 -> 78.8 | AV17: =AU17-AU5 -> -0.1 | AX17: =国航自动更新!R137 -> 0
A18: 42094 | B18: =国航自动更新!B138 -> 17489.4 | C18: =B18/B6-1 -> 0.13496045 | E18: =国航自动更新!C138 -> 11356.8 | F18: =E18/E6-1 -> 0.13569136 | H18: =国航自动更新!D138 -> 5326 | I18: =H18/H6-1 -> 0.14735028 | K18: =国航自动更新!E138 -> 806.6 | L18: =K18/K6-1 -> 0.050533993 | N18: =国航自动更新!F138 -> 14287.2 | O18: =N18/N6-1 -> 0.16703561 | Q18: =国航自动更新!G138 -> 9631.2 | R18: =Q18/Q6-1 -> 0.19326503 | T18: =国航自动更新!H138 -> 4136 | U18: =T18/T6-1 -> 0.14901656 | W18: =国航自动更新!I138 -> 520 | X18: =W18/W6-1 -> -0.089795204 | Z18: =国航自动更新!J138 -> 7712 | AA18: =Z18/Z6-1 -> 0.17747649 | AC18: =国航自动更新!K138 -> 6520.6 | AD18: =AC18/AC6-1 -> 0.18780968 | AF18: =国航自动更新!L138 -> 860.8 | AG18: =AF18/AF6-1 -> 0.23041738 | AI18: =国航自动更新!M138 -> 330.7 | AJ18: =AI18/AI6-1 -> -0.082153761 | AL18: =国航自动更新!N138 -> 81.7 | AM18: =AL18-AL6 -> 2.3 | AO18: =国航自动更新!O138 -> 84.8 | AP18: =AO18-AO6 -> 4.1 | AR18: =国航自动更新!P138 -> 77.7 | AS18: =AR18-AR6 -> 0.2 | AU18: =国航自动更新!Q138 -> 64.5 | AV18: =AU18-AU6 -> -9.9 | AX18: =国航自动更新!R138 -> 0
A19: 42124 | B19: =国航自动更新!B139 -> 17196.9 | C19: =B19/B7-1 -> 0.0900741 | E19: =国航自动更新!C139 -> 10712 | F19: =E19/E7-1 -> 0.079686335 | H19: =国航自动更新!D139 -> 5664.8 | I19: =H19/H7-1 -> 0.12136509 | K19: =国航自动更新!E139 -> 820.1 | L19: =K19/K7-1 -> 0.021549576 | N19: =国航自动更新!F139 -> 13793.3 | O19: =N19/N7-1 -> 0.094341569 | Q19: =国航自动更新!G139 -> 8867.2 | R19: =Q19/Q7-1 -> 0.092100402 | T19: =国航自动更新!H139 -> 4362.8 | U19: =T19/T7-1 -> 0.11835123 | W19: =国航自动更新!I139 -> 563.2 | X19: =W19/W7-1 -> -0.035120781 | Z19: =国航自动更新!J139 -> 7404.9 | AA19: =Z19/Z7-1 -> 0.096551111 | AC19: =国航自动更新!K139 -> 6126.5 | AD19: =AC19/AC7-1 -> 0.087222715 | AF19: =国航自动更新!L139 -> 916.3 | AG19: =AF19/AF7-1 -> 0.22631156 | AI19: =国航自动更新!M139 -> 362 | AJ19: =AI19/AI7-1 -> -0.023469112 | AL19: =国航自动更新!N139 -> 80.2 | AM19: =AL19-AL7 -> 0.3 | AO19: =国航自动更新!O139 -> 82.8 | AP19: =AO19-AO7 -> 1 | AR19: =国航自动更新!P139 -> 77 | AS19: =AR19-AR7 -> -0.2 | AU19: =国航自动更新!Q139 -> 68.7 | AV19: =AU19-AU7 -> -4 | AX19: =国航自动更新!R139 -> 0
A20: 42155 | B20: =国航自动更新!B140 -> 17706.1 | C20: =B20/B8-1 -> 0.12807885 | E20: =国航自动更新!C140 -> 10917 | F20: =E20/E8-1 -> 0.12597467 | H20: =国航自动更新!D140 -> 5972.3 | I20: =H20/H8-1 -> 0.14893904 | K20: =国航自动更新!E140 -> 816.8 | L20: =K20/K8-1 -> 0.018453865 | N20: =国航自动更新!F140 -> 13925.2 | O20: =N20/N8-1 -> 0.12485965 | Q20: =国航自动更新!G140 -> 8835.3 | R20: =Q20/Q8-1 -> 0.12151561 | T20: =国航自动更新!H140 -> 4519.3 | U20: =T20/T8-1 -> 0.14563476 | W20: =国航自动更新!I140 -> 570.5 | X20: =W20/W8-1 -> 0.024788935 | Z20: =国航自动更新!J140 -> 7404.3 | AA20: =Z20/Z8-1 -> 0.12133695 | AC20: =国航自动更新!K140 -> 6111.5 | AD20: =AC20/AC8-1 -> 0.10669467 | AF20: =国航自动更新!L140 -> 924.5 | AG20: =AF20/AF8-1 -> 0.27061572 | AI20: =国航自动更新!M140 -> 368.4 | AJ20: =AI20/AI8-1 -> 0.043035108 | AL20: =国航自动更新!N140 -> 78.6 | AM20: =AL20-AL8 -> -0.3 | AO20: =国航自动更新!O140 -> 80.9 | AP20: =AO20-AO8 -> -0.4 | AR20: =国航自动更新!P140 -> 75.7 | AS20: =AR20-AR8 -> -0.2 | AU20: =国航自动更新!Q140 -> 69.9 | AV20: =AU20-AU8 -> 0.5 | AX20: =国航自动更新!R140 -> 0
A21: 42185 | B21: =国航自动更新!B141 -> 17347.5 | C21: =B21/B9-1 -> 0.1040081 | E21: =国航自动更新!C141 -> 10579.5 | F21: =E21/E9-1 -> 0.08860512 | H21: =国航自动更新!D141 -> 5980.8 | I21: =H21/H9-1 -> 0.14449739 | K21: =国航自动更新!E141 -> 787.2 | L21: =K21/K9-1 -> 0.0236671 | N21: =国航自动更新!F141 -> 13835.7 | O21: =N21/N9-1 -> 0.10620997 | Q21: =国航自动更新!G141 -> 8558.5 | R21: =Q21/Q9-1 -> 0.091436587 | T21: =国航自动更新!H141 -> 4737.5 | U21: =T21/T9-1 -> 0.15183564 | W21: =国航自动更新!I141 -> 539.8 | X21: =W21/W9-1 -> -0.023339967 | Z21: =国航自动更新!J141 -> 7151.4 | AA21: =Z21/Z9-1 -> 0.081873468 | AC21: =国航自动更新!K141 -> 5927.7 | AD21: =AC21/AC9-1 -> 0.076686949 | AF21: =国航自动更新!L141 -> 876.2 | AG21: =AF21/AF9-1 -> 0.16640043 | AI21: =国航自动更新!M141 -> 347.5 | AJ21: =AI21/AI9-1 -> -0.017251131 | AL21: =国航自动更新!N141 -> 79.8 | AM21: =AL21-AL9 -> 0.2 | AO21: =国航自动更新!O141 -> 80.9 | AP21: =AO21-AO9 -> 0.2 | AR21: =国航自动更新!P141 -> 79.2 | AS21: =AR21-AR9 -> 0.5 | AU21: =国航自动更新!Q141 -> 68.6 | AV21: =AU21-AU9 -> -3.3 | AX21: =国航自动更新!R141 -> 0
A22: 42216 | B22: =国航自动更新!B142 -> 18967.9 | C22: =B22/B10-1 -> 0.1246035 | E22: =国航自动更新!C142 -> 11785.4 | F22: =E22/E10-1 -> 0.11397406 | H22: =国航自动更新!D142 -> 6380.5 | I22: =H22/H10-1 -> 0.16182308 | K22: =国航自动更新!E142 -> 801.9 | L22: =K22/K10-1 -> 0.0088061391 | N22: =国航自动更新!F142 -> 15438.8 | O22: =N22/N10-1 -> 0.13100619 | Q22: =国航自动更新!G142 -> 9626.8 | R22: =Q22/Q10-1 -> 0.11905703 | T22: =国航自动更新!H142 -> 5236 | U22: =T22/T10-1 -> 0.18108815 | W22: =国航自动更新!I142 -> 576 | X22: =W22/W10-1 -> -0.062805076 | Z22: =国航自动更新!J142 -> 8008.7 | AA22: =Z22/Z10-1 -> 0.090954911 | AC22: =国航自动更新!K142 -> 6688.6 | AD22: =AC22/AC10-1 -> 0.097463328 | AF22: =国航自动更新!L142 -> 945.3 | AG22: =AF22/AF10-1 -> 0.1076869 | AI22: =国航自动更新!M142 -> 374.8 | AJ22: =AI22/AI10-1 -> -0.046310433 | AL22: =国航自动更新!N142 -> 81.4 | AM22: =AL22-AL10 -> 0.5 | AO22: =国航自动更新!O142 -> 81.7 | AP22: =AO22-AO10 -> 0.4 | AR22: =国航自动更新!P142 -> 82.1 | AS22: =AR22-AR10 -> 1.4 | AU22: =国航自动更新!Q142 -> 71.8 | AV22: =AU22-AU10 -> -5.5 | AX22: =国航自动更新!R142 -> 0
A23: 42247 | B23: =国航自动更新!B143 -> 19454.8 | C23: =B23/B11-1 -> 0.11472855 | E23: =国航自动更新!C143 -> 11961.2 | F23: =E23/E11-1 -> 0.081854525 | H23: =国航自动更新!D143 -> 6654.9 | I23: =H23/H11-1 -> 0.19623598 | K23: =国航自动更新!E143 -> 838.7 | L23: =K23/K11-1 -> 0.0067218821 | N23: =国航自动更新!F143 -> 16405.8 | O23: =N23/N11-1 -> 0.14445762 | Q23: =国航自动更新!G143 -> 10024.9 | R23: =Q23/Q11-1 -> 0.11385303 | T23: =国航自动更新!H143 -> 5723.5 | U23: =T23/T11-1 -> 0.22041452 | W23: =国航自动更新!I143 -> 657.5 | X23: =W23/W11-1 -> 0.019537913 | Z23: =国航自动更新!J143 -> 8410.4 | AA23: =Z23/Z11-1 -> 0.090616733 | AC23: =国航自动更新!K143 -> 6918.6 | AD23: =AC23/AC11-1 -> 0.085355714 | AF23: =国航自动更新!L143 -> 1068.1 | AG23: =AF23/AF11-1 -> 0.14923607 | AI23: =国航自动更新!M143 -> 423.7 | AJ23: =AI23/AI11-1 -> 0.039244543 | AL23: =国航自动更新!N143 -> 84.3 | AM23: =AL23-AL11 -> 2.2 | AO23: =国航自动更新!O143 -> 83.8 | AP23: =AO23-AO11 -> 2.4 | AR23: =国航自动更新!P143 -> 86 | AS23: =AR23-AR11 -> 1.7 | AU23: =国航自动更新!Q143 -> 78.4 | AV23: =AU23-AU11 -> 1 | AX23: =国航自动更新!R143 -> 0
A24: 42277 | B24: =国航自动更新!B144 -> 18209.7 | C24: =B24/B12-1 -> 0.11715951 | E24: =国航自动更新!C144 -> 11091.8 | F24: =E24/E12-1 -> 0.098894349 | H24: =国航自动更新!D144 -> 6320 | I24: =H24/H12-1 -> 0.16699904 | K24: =国航自动更新!E144 -> 797.9 | L24: =K24/K12-1 -> 0.0088506764 | N24: =国航自动更新!F144 -> 14442.7 | O24: =N24/N12-1 -> 0.1157489 | Q24: =国航自动更新!G144 -> 9071.7 | R24: =Q24/Q12-1 -> 0.11287355 | T24: =国航自动更新!H144 -> 4822.9 | U24: =T24/T12-1 -> 0.14248827 | W24: =国航自动更新!I144 -> 548.1 | X24: =W24/W12-1 -> -0.040777039 | Z24: =国航自动更新!J144 -> 7496.6 | AA24: =Z24/Z12-1 -> 0.087519766 | AC24: =国航自动更新!K144 -> 6220.6 | AD24: =AC24/AC12-1 -> 0.088050094 | AF24: =国航自动更新!L144 -> 925.2 | AG24: =AF24/AF12-1 -> 0.12404325 | AI24: =国航自动更新!M144 -> 350.8 | AJ24: =AI24/AI12-1 -> -0.0065137355 | AL24: =国航自动更新!N144 -> 79.3 | AM24: =AL24-AL12 -> -0.1 | AO24: =国航自动更新!O144 -> 81.8 | AP24: =AO24-AO12 -> 1 | AR24: =国航自动更新!P144 -> 76.3 | AS24: =AR24-AR12 -> -1.6 | AU24: =国航自动更新!Q144 -> 68.7 | AV24: =AU24-AU12 -> -3.5 | AX24: =国航自动更新!R144 -> 0
A25: 42308 | B25: =国航自动更新!B145 -> 18997.1 | C25: =B25/B13-1 -> 0.12547396 | E25: =国航自动更新!C145 -> 11330.3 | F25: =E25/E13-1 -> 0.083016307 | H25: =国航自动更新!D145 -> 6815.7 | I25: =H25/H13-1 -> 0.2193538 | K25: =国航自动更新!E145 -> 851.1 | L25: =K25/K13-1 -> 0.028146895 | N25: =国航自动更新!F145 -> 15196.7 | O25: =N25/N13-1 -> 0.14545975 | Q25: =国航自动更新!G145 -> 9515.8 | R25: =Q25/Q13-1 -> 0.11159395 | T25: =国航自动更新!H145 -> 5066.2 | U25: =T25/T13-1 -> 0.2308253 | W25: =国航自动更新!I145 -> 614.7 | X25: =W25/W13-1 -> 0.041334914 | Z25: =国航自动更新!J145 -> 7940.3 | AA25: =Z25/Z13-1 -> 0.098319386 | AC25: =国航自动更新!K145 -> 6551.3 | AD25: =AC25/AC13-1 -> 0.085928824 | AF25: =国航自动更新!L145 -> 998.6 | AG25: =AF25/AF13-1 -> 0.20691322 | AI25: =国航自动更新!M145 -> 390.4 | AJ25: =AI25/AI13-1 -> 0.057421452 | AL25: =国航自动更新!N145 -> 80 | AM25: =AL25-AL13 -> 1.4 | AO25: =国航自动更新!O145 -> 84 | AP25: =AO25-AO13 -> 2.2 | AR25: =国航自动更新!P145 -> 74.3 | AS25: =AR25-AR13 -> 0.7 | AU25: =国航自动更新!Q145 -> 72.2 | AV25: =AU25-AU13 -> 0.9 | AX25: =国航自动更新!R145 -> 0
A26: 42338 | B26: =国航自动更新!B146 -> 17733.7 | C26: =B26/B14-1 -> 0.088137299 | E26: =国航自动更新!C146 -> 10451.2 | F26: =E26/E14-1 -> -0.016348389 | H26: =国航自动更新!D146 -> 6476.2 | I26: =H26/H14-1 -> 0.32709016 | K26: =国航自动更新!E146 -> 806.3 | L26: =K26/K14-1 -> 0.017541646 | N26: =国航自动更新!F146 -> 13841.5 | O26: =N26/N14-1 -> 0.091471829 | Q26: =国航自动更新!G146 -> 8533.4 | R26: =Q26/Q14-1 -> 0.0038703606 | T26: =国航自动更新!H146 -> 4729.7 | U26: =T26/T14-1 -> 0.30976711 | W26: =国航自动更新!I146 -> 578.4 | X26: =W26/W14-1 -> 0.014914897 | Z26: =国航自动更新!J146 -> 7116.1 | AA26: =Z26/Z14-1 -> 0.027922228 | AC26: =国航自动更新!K146 -> 5807.5 | AD26: =AC26/AC14-1 -> -0.000309848 | AF26: =国航自动更新!L146 -> 944.3 | AG26: =AF26/AF14-1 -> 0.24973531 | AI26: =国航自动更新!M146 -> 364.3 | AJ26: =AI26/AI14-1 -> 0.018166574 | AL26: =国航自动更新!N146 -> 78.1 | AM26: =AL26-AL14 -> 0.3 | AO26: =国航自动更新!O146 -> 81.7 | AP26: =AO26-AO14 -> 1.7 | AR26: =国航自动更新!P146 -> 73 | AS26: =AR26-AR14 -> -1 | AU26: =国航自动更新!Q146 -> 71.7 | AV26: =AU26-AU14 -> -0.2 | AX26: =国航自动更新!R146 -> 0
A27: 42369 | B27: =国航自动更新!B147 -> 18563.2 | C27: =B27/B15-1 -> 0.11350249 | E27: =国航自动更新!C147 -> 10859.2 | F27: =E27/E15-1 -> 0.022725774 | H27: =国航自动更新!D147 -> 6879.5 | I27: =H27/H15-1 -> 0.31083038 | K27: =国航自动更新!E147 -> 824.4 | L27: =K27/K15-1 -> 0.024353877 | N27: =国航自动更新!F147 -> 14194.7 | O27: =N27/N15-1 -> 0.11326615 | Q27: =国航自动更新!G147 -> 8576.3 | R27: =Q27/Q15-1 -> 0.036661429 | T27: =国航自动更新!H147 -> 5030.9 | U27: =T27/T15-1 -> 0.28595164 | W27: =国航自动更新!I147 -> 587.4 | X27: =W27/W15-1 -> 0.038910506 | Z27: =国航自动更新!J147 -> 7162.2 | AA27: =Z27/Z15-1 -> 0.058588785 | AC27: =国航自动更新!K147 -> 5807.8 | AD27: =AC27/AC15-1 -> 0.032516134 | AF27: =国航自动更新!L147 -> 984.9 | AG27: =AF27/AF15-1 -> 0.25576948 | AI27: =国航自动更新!M147 -> 369.6 | AJ27: =AI27/AI15-1 -> 0.036455412 | AL27: =国航自动更新!N147 -> 76.5 | AM27: =AL27-AL15 -> 0 | AO27: =国航自动更新!O147 -> 79 | AP27: =AO27-AO15 -> 1.1 | AR27: =国航自动更新!P147 -> 73.1 | AS27: =AR27-AR15 -> -1.4 | AU27: =国航自动更新!Q147 -> 71.3 | AV27: =AU27-AU15 -> 1.1 | AX27: =国航自动更新!R147 -> 0
... A59: 43343 | B59: =国航自动更新!B179 -> 23847.2 | C59: =B59/B47-1 -> 0.09556165 | E59: =国航自动更新!C179 -> 13668 | F59: =E59/E47-1 -> 0.062946199 | H59: =国航自动更新!D179 -> 9313.3 | I59: =H59/H47-1 -> 0.14525153 | K59: =国航自动更新!E179 -> 865.9 | L59: =K59/K47-1 -> 0.11527563 | N59: =国航自动更新!F179 -> 20053.3 | O59: =N59/N47-1 -> 0.11097999 | Q59: =国航自动更新!G179 -> 11802.8 | R59: =Q59/Q47-1 -> 0.092851852 | T59: =国航自动更新!H179 -> 7499.9 | U59: =T59/T47-1 -> 0.13907536 | W59: =国航自动更新!I179 -> 750.7 | X59: =W59/W47-1 -> 0.12751577 | Z59: =国航自动更新!J179 -> 9895.8 | AA59: =Z59/Z47-1 -> 0.09432919 | AC59: =国航自动更新!K179 -> 7990.4 | AD59: =AC59/AC47-1 -> 0.083737963 | AF59: =国航自动更新!L179 -> 1424.5 | AG59: =AF59/AF47-1 -> 0.14916102 | AI59: =国航自动更新!M179 -> 480.9 | AJ59: =AI59/AI47-1 -> 0.11785216 | AL59: =国航自动更新!N179 -> 84.1 | AM59: =AL59-AL47 -> 1.2 | AO59: =国航自动更新!O179 -> 86.4 | AP59: =AO59-AO47 -> 2.4 | AR59: =国航自动更新!P179 -> 80.5 | AS59: =AR59-AR47 -> -0.5 | AU59: =国航自动更新!Q179 -> 86.7 | AV59: =AU59-AU47 -> 0.9 | AX59: =国航自动更新!R179 -> 668
A60: 43373 | B60: =国航自动更新!B180 -> 22591.7 | C60: =B60/B48-1 -> 0.062928739 | E60: =国航自动更新!C180 -> 13055.1 | F60: =E60/E48-1 -> 0.03306086 | H60: =国航自动更新!D180 -> 8807.9 | I60: =H60/H48-1 -> 0.1173426 | K60: =国航自动更新!E180 -> 728.8 | L60: =K60/K48-1 -> -0.0070844687 | N60: =国航自动更新!F180 -> 18139.8 | O60: =N60/N48-1 -> 0.068782258 | Q60: =国航自动更新!G180 -> 10723 | R60: =Q60/Q48-1 -> 0.043103532 | T60: =国航自动更新!H180 -> 6829.2 | U60: =T60/T48-1 -> 0.11694089 | W60: =国航自动更新!I180 -> 587.6 | X60: =W60/W48-1 -> 0.015905947 | Z60: =国航自动更新!J180 -> 8911 | AA60: =Z60/Z48-1 -> 0.049044076 | AC60: =国航自动更新!K180 -> 7273.6 | AD60: =AC60/AC48-1 -> 0.037455427 | AF60: =国航自动更新!L180 -> 1260.8 | AG60: =AF60/AF48-1 -> 0.12863665 | AI60: =国航自动更新!M180 -> 376.6 | AJ60: =AI60/AI48-1 -> 0.027838428 | AL60: =国航自动更新!N180 -> 80.3 | AM60: =AL60-AL48 -> 0.4 | AO60: =国航自动更新!O180 -> 82.1 | AP60: =AO60-AO48 -> 0.8 | AR60: =国航自动更新!P180 -> 77.5 | AS60: =AR60-AR48 -> -0.1 | AU60: =国航自动更新!Q180 -> 80.6 | AV60: =AU60-AU48 -> 1.8 | AX60: =国航自动更新!R180 -> 673 | AY60: =AX60/AX48-1 -> 0.046656299
A61: 43404 | B61: =国航自动更新!B181 -> 23619.7 | C61: =B61/B49-1 -> 0.077747561 | E61: =国航自动更新!C181 -> 13920 | F61: =E61/E49-1 -> 0.068927387 | H61: =国航自动更新!D181 -> 8818.4 | I61: =H61/H49-1 -> 0.086518321 | K61: =国航自动更新!E181 -> 881.3 | L61: =K61/K49-1 -> 0.13394236 | N61: =国航自动更新!F181 -> 19129.2 | O61: =N61/N49-1 -> 0.077907881 | Q61: =国航自动更新!G181 -> 11742 | R61: =Q61/Q49-1 -> 0.079009759 | T61: =国航自动更新!H181 -> 6700.6 | U61: =T61/T49-1 -> 0.07322933 | W61: =国航自动更新!I181 -> 686.6 | X61: =W61/W49-1 -> 0.10581414 | Z61: =国航自动更新!J181 -> 9695.7 | AA61: =Z61/Z49-1 -> 0.078906372 | AC61: =国航自动更新!K181 -> 7979.4 | AD61: =AC61/AC49-1 -> 0.073538909 | AF61: =国航自动更新!L181 -> 1287.5 | AG61: =AF61/AF49-1 -> 0.1107756 | AI61: =国航自动更新!M181 -> 428.8 | AJ61: =AI61/AI49-1 -> 0.086119554 | AL61: =国航自动更新!N181 -> 81 | AM61: =AL61-AL49 -> 0 | AO61: =国航自动更新!O181 -> 84.4 | AP61: =AO61-AO49 -> 0.8 | AR61: =国航自动更新!P181 -> 76 | AS61: =AR61-AR49 -> -0.9 | AU61: =国航自动更新!Q181 -> 77.9 | AV61: =AU61-AU49 -> -2 | AX61: =国航自动更新!R181 -> 679 | AY61: =AX61/AX49-1 -> 0.055987558
A62: 43434 | B62: =国航自动更新!B182 -> 22559.6 | C62: =B62/B50-1 -> 0.073770687 | E62: =国航自动更新!C182 -> 13352.9 | F62: =E62/E50-1 -> 0.047097386 | H62: =国航自动更新!D182 -> 8358.8 | I62: =H62/H50-1 -> 0.11498239 | K62: =国航自动更新!E182 -> 848 | L62: =K62/K50-1 -> 0.11490928 | N62: =国航自动更新!F182 -> 17958.2 | O62: =N62/N50-1 -> 0.049861739 | Q62: =国航自动更新!G182 -> 10845.6 | R62: =Q62/Q50-1 -> 0.018500085 | T62: =国航自动更新!H182 -> 6434.5 | U62: =T62/T50-1 -> 0.10440768 | W62: =国航自动更新!I182 -> 678.2 | X62: =W62/W50-1 -> 0.075654243 | Z62: =国航自动更新!J182 -> 9015.7 | AA62: =Z62/Z50-1 -> 0.04002907 | AC62: =国航自动更新!K182 -> 7332.6 | AD62: =AC62/AC50-1 -> 0.024463849 | AF62: =国航自动更新!L182 -> 1260 | AG62: =AF62/AF50-1 -> 0.13482842 | AI62: =国航自动更新!M182 -> 423.2 | AJ62: =AI62/AI50-1 -> 0.055624844 | AL62: =国航自动更新!N182 -> 79.6 | AM62: =AL62-AL50 -> -1.8 | AO62: =国航自动更新!O182 -> 81.2 | AP62: =AO62-AO50 -> -2.3 | AR62: =国航自动更新!P182 -> 77 | AS62: =AR62-AR50 -> -0.7 | AU62: =国航自动更新!Q182 -> 80 | AV62: =AU62-AU50 -> -2.9 | AX62: =国航自动更新!R182 -> 680 | AY62: =AX62/AX50-1 -> 0.052631579
A63: 43465 | B63: =国航自动更新!B183 -> 23351 | C63: =B63/B51-1 -> 0.080684574 | E63: =国航自动更新!C183 -> 13704.8 | F63: =E63/E51-1 -> 0.083554712 | H63: =国航自动更新!D183 -> 8762.9 | I63: =H63/H51-1 -> 0.070212506 | K63: =国航自动更新!E183 -> 883.3 | L63: =K63/K51-1 -> 0.14476413 | N63: =国航自动更新!F183 -> 18354.7 | O63: =N63/N51-1 -> 0.057572527 | Q63: =国航自动更新!G183 -> 10814.5 | R63: =Q63/Q51-1 -> 0.049564238 | T63: =国航自动更新!H183 -> 6821.8 | U63: =T63/T51-1 -> 0.064093965 | W63: =国航自动更新!I183 -> 718.5 | X63: =W63/W51-1 -> 0.12125468 | Z63: =国航自动更新!J183 -> 9040.4 | AA63: =Z63/Z51-1 -> 0.057901142 | AC63: =国航自动更新!K183 -> 7257.6 | AD63: =AC63/AC51-1 -> 0.049635543 | AF63: =国航自动更新!L183 -> 1331.9 | AG63: =AF63/AF51-1 -> 0.092527274 | AI63: =国航自动更新!M183 -> 450.8 | AJ63: =AI63/AI51-1 -> 0.093909245 | AL63: =国航自动更新!N183 -> 78.6 | AM63: =AL63-AL51 -> -1.7 | AO63: =国航自动更新!O183 -> 78.9 | AP63: =AO63-AO51 -> -2.6 | AR63: =国航自动更新!P183 -> 77.8 | AS63: =AR63-AR51 -> -0.5 | AU63: =国航自动更新!Q183 -> 81.3 | AV63: =AU63-AU51 -> -1.7 | AX63: =国航自动更新!R183 -> 684 | AY63: =AX63/AX51-1 -> 0.044274809
A64: 43496 | B64: =国航自动更新!B184 -> 23688.7 | C64: =B64/B52-1 -> 0.071135629 | E64: =国航自动更新!C184 -> 13761.8 | F64: =E64/E52-1 -> 0.056649263 | H64: =国航自动更新!D184 -> 9006.6 | I64: =H64/H52-1 -> 0.08335739 | K64: =国航自动更新!E184 -> 920.4 | L64: =K64/K52-1 -> 0.1831855 | N64: =国航自动更新!F184 -> 18930.6 | O64: =N64/N52-1 -> 0.083711638 | Q64: =国航自动更新!G184 -> 10960.5 | R64: =Q64/Q52-1 -> 0.048199684 | T64: =国航自动更新!H184 -> 7216.3 | U64: =T64/T52-1 -> 0.12842846 | W64: =国航自动更新!I184 -> 753.7 | X64: =W64/W52-1 -> 0.22195201 | Z64: =国航自动更新!J184 -> 9156.5 | AA64: =Z64/Z52-1 -> 0.065911551 | AC64: =国航自动更新!K184 -> 7243.8 | AD64: =AC64/AC52-1 -> 0.037674765 | AF64: =国航自动更新!L184 -> 1441.1 | AG64: =AF64/AF52-1 -> 0.18239252 | AI64: =国航自动更新!M184 -> 471.6 | AJ64: =AI64/AI52-1 -> 0.20706424 | AL64: =国航自动更新!N184 -> 79.9 | AM64: =AL64-AL52 -> 0.9 | AO64: =国航自动更新!O184 -> 79.6 | AP64: =AO64-AO52 -> -0.7 | AR64: =国航自动更新!P184 -> 80.1 | AS64: =AR64-AR52 -> 3.2 | AU64: =国航自动更新!Q184 -> 81.9 | AV64: =AU64-AU52 -> 2.6 | AX64: =国航自动更新!R184 -> 671 | AY64: =AX64/AX52-1 -> 0.024427481
A65: 43524 | B65: =国航自动更新!B185 -> 22259.9 | C65: =B65/B53-1 -> 0.065000742 | E65: =国航自动更新!C185 -> 13251.6 | F65: =E65/E53-1 -> 0.046729858 | H65: =国航自动更新!D185 -> 8105.5 | I65: =H65/H53-1 -> 0.092473785 | K65: =国航自动更新!E185 -> 902.8 | L65: =K65/K53-1 -> 0.098430466 | N65: =国航自动更新!F185 -> 18700.6 | O65: =N65/N53-1 -> 0.082931349 | Q65: =国航自动更新!G185 -> 11410.8 | R65: =Q65/Q53-1 -> 0.064311231 | T65: =国航自动更新!H185 -> 6545.3 | U65: =T65/T53-1 -> 0.11152057 | W65: =国航自动更新!I185 -> 744.5 | X65: =W65/W53-1 -> 0.13042818 | Z65: =国航自动更新!J185 -> 9385.3 | AA65: =Z65/Z53-1 -> 0.07029388 | AC65: =国航自动更新!K185 -> 7551.4 | AD65: =AC65/AC53-1 -> 0.054871064 | AF65: =国航自动更新!L185 -> 1357.7 | AG65: =AF65/AF53-1 -> 0.15020332 | AI65: =国航自动更新!M185 -> 476.1 | AJ65: =AI65/AI53-1 -> 0.10746685 | AL65: =国航自动更新!N185 -> 84 | AM65: =AL65-AL53 -> 1.4 | AO65: =国航自动更新!O185 -> 86.1 | AP65: =AO65-AO53 -> 1.4 | AR65: =国航自动更新!P185 -> 80.8 | AS65: =AR65-AR53 -> 1.4 | AU65: =国航自动更新!Q185 -> 82.5 | AV65: =AU65-AU53 -> 2.4 | AX65: =国航自动更新!R185 -> 673 | AY65: =AX65/AX53-1 -> 0.029051988
A66: 43555 | B66: =国航自动更新!B186 -> 23695.1 | C66: =B66/B54-1 -> 0.043317644 | E66: =国航自动更新!C186 -> 13717.7 | F66: =E66/E54-1 -> 0.010162227 | H66: =国航自动更新!D186 -> 9069 | I66: =H66/H54-1 -> 0.085042234 | K66: =国航自动更新!E186 -> 908.4 | L66: =K66/K54-1 -> 0.17455392 | N66: =国航自动更新!F186 -> 19117.4 | O66: =N66/N54-1 -> 0.029311366 | Q66: =国航自动更新!G186 -> 11237.8 | R66: =Q66/Q54-1 -> -0.013085327 | T66: =国航自动更新!H186 -> 7140.2 | U66: =T66/T54-1 -> 0.085714286 | W66: =国航自动更新!I186 -> 739.4 | X66: =W66/W54-1 -> 0.2125287 | Z66: =国航自动更新!J186 -> 9478.5 | AA66: =Z66/Z54-1 -> 0.012790101 | AC66: =国航自动更新!K186 -> 7534 | AD66: =AC66/AC54-1 -> -0.019380703 | AF66: =国航自动更新!L186 -> 1475.3 | AG66: =AF66/AF54-1 -> 0.14081349 | AI66: =国航自动更新!M186 -> 469.2 | AJ66: =AI66/AI54-1 -> 0.22602561 | AL66: =国航自动更新!N186 -> 80.7 | AM66: =AL66-AL54 -> -1.1 | AO66: =国航自动更新!O186 -> 81.9 | AP66: =AO66-AO54 -> -2 | AR66: =国航自动更新!P186 -> 78.7 | AS66: =AR66-AR54 -> 0 | AU66: =国航自动更新!Q186 -> 81.4 | AV66: =AU66-AU54 -> 2.6 | AX66: =国航自动更新!R186 -> 676 | AY66: =AX66/AX54-1 -> 0.025796662
A67: 43585 | B67: =国航自动更新!B187 -> 23743.8 | C67: =B67/B55-1 -> 0.052021072 | E67: =国航自动更新!C187 -> 13280.5 | F67: =E67/E55-1 -> 0.011716578 | H67: =国航自动更新!D187 -> 9489.4 | I67: =H67/H55-1 -> 0.096406701 | K67: =国航自动更新!E187 -> 973.9 | L67: =K67/K55-1 -> 0.23575688 | N67: =国航自动更新!F187 -> 19224.8 | O67: =N67/N55-1 -> 0.045178267 | Q67: =国航自动更新!G187 -> 10961.3 | R67: =Q67/Q55-1 -> 0.0020110976 | T67: =国航自动更新!H187 -> 7473 | U67: =T67/T55-1 -> 0.098130841 | W67: =国航自动更新!I187 -> 790.5 | X67: =W67/W55-1 -> 0.21746496 | Z67: =国航自动更新!J187 -> 9350.1 | AA67: =Z67/Z55-1 -> 0.020864723 | AC67: =国航自动更新!K187 -> 7371.7 | AD67: =AC67/AC55-1 -> -0.010496785 | AF67: =国航自动更新!L187 -> 1477 | AG67: =AF67/AF55-1 -> 0.14496124 | AI67: =国航自动更新!M187 -> 501.4 | AJ67: =AI67/AI55-1 -> 0.19608779 | AL67: =国航自动更新!N187 -> 81 | AM67: =AL67-AL55 -> -0.5 | AO67: =国航自动更新!O187 -> 82.5 | AP67: =AO67-AO55 -> -0.8 | AR67: =国航自动更新!P187 -> 78.8 | AS67: =AR67-AR55 -> 0.2 | AU67: =国航自动更新!Q187 -> 81.2 | AV67: =AU67-AU55 -> -1.2 | AX67: =国航自动更新!R187 -> 672 | AY67: =AX67/AX55-1 -> 0.021276596
A68: 43616 | B68: =国航自动更新!B188 -> 24215.9 | C68: =B68/B56-1 -> 0.05520502 | E68: =国航自动更新!C188 -> 13723.8 | F68: =E68/E56-1 -> 0.022569276 | H68: =国航自动更新!D188 -> 9506.4 | I68: =H68/H56-1 -> 0.090946648 | K68: =国航自动更新!E188 -> 985.6 | L68: =K68/K56-1 -> 0.21036473 | N68: =国航自动更新!F188 -> 19399.9 | O68: =N68/N56-1 -> 0.083484594 | Q68: =国航自动更新!G188 -> 11179.4 | R68: =Q68/Q56-1 -> 0.043779469 | T68: =国航自动更新!H188 -> 7440.2 | U68: =T68/T56-1 -> 0.13639418 | W68: =国航自动更新!I188 -> 780.4 | X68: =W68/W56-1 -> 0.20543713 | Z68: =国航自动更新!J188 -> 9494.3 | AA68: =Z68/Z56-1 -> 0.066655432 | AC68: =国航自动更新!K188 -> 7572.6 | AD68: =AC68/AC56-1 -> 0.042411728 | AF68: =国航自动更新!L188 -> 1426.5 | AG68: =AF68/AF56-1 -> 0.16145579 | AI68: =国航自动更新!M188 -> 495.2 | AJ68: =AI68/AI56-1 -> 0.2128337 | AL68: =国航自动更新!N188 -> 80.1 | AM68: =AL68-AL56 -> 2.1 | AO68: =国航自动更新!O188 -> 81.5 | AP68: =AO68-AO56 -> 1.7 | AR68: =国航自动更新!P188 -> 78.3 | AS68: =AR68-AR56 -> 3.2 | AU68: =国航自动更新!Q188 -> 79.2 | AV68: =AU68-AU56 -> -0.3 | AX68: =国航自动更新!R188 -> 675 | AY68: =AX68/AX56-1 -> 0.02118003
A69: 43646 | B69: =国航自动更新!B189 -> 23449.5 | C69: =B69/B57-1 -> 0.041959192 | E69: =国航自动更新!C189 -> 13206.1 | F69: =E69/E57-1 -> 0.011512125 | H69: =国航自动更新!D189 -> 9284.6 | I69: =H69/H57-1 -> 0.074718431 | K69: =国航自动更新!E189 -> 958.8 | L69: =K69/K57-1 -> 0.18311945 | N69: =国航自动更新!F189 -> 18889.5 | O69: =N69/N57-1 -> 0.047647307 | Q69: =国航自动更新!G189 -> 10842.5 | R69: =Q69/Q57-1 -> 0.012806621 | T69: =国航自动更新!H189 -> 7287.1 | U69: =T69/T57-1 -> 0.091618605 | W69: =国航自动更新!I189 -> 759.9 | X69: =W69/W57-1 -> 0.16997691 | Z69: =国航自动更新!J189 -> 9192.4 | AA69: =Z69/Z57-1 -> 0.02719857 | AC69: =国航自动更新!K189 -> 7320.4 | AD69: =AC69/AC57-1 -> 0.0065034167 | AF69: =国航自动更新!L189 -> 1383 | AG69: =AF69/AF57-1 -> 0.094925184 | AI69: =国航自动更新!M189 -> 489 | AJ69: =AI69/AI57-1 -> 0.18459302 | AL69: =国航自动更新!N189 -> 80.6 | AM69: =AL69-AL57 -> 0.5 | AO69: =国航自动更新!O189 -> 82.1 | AP69: =AO69-AO57 -> 0.1 | AR69: =国航自动更新!P189 -> 78.5 | AS69: =AR69-AR57 -> 1.2 | AU69: =国航自动更新!Q189 -> 79.3 | AV69: =AU69-AU57 -> -0.9 | AX69: =国航自动更新!R189 -> 676 | AY69: =AX69/AX57-1 -> 0.021148036
A70: 43677 | B70: =国航自动更新!B190 -> 25165.9 | C70: =B70/B58-1 -> 0.056250184 | E70: =国航自动更新!C190 -> 14569.8 | F70: =E70/E58-1 -> 0.074389794 | H70: =国航自动更新!D190 -> 9603.7 | I70: =H70/H58-1 -> 0.020562794 | K70: =国航自动更新!E190 -> 992.5 | L70: =K70/K58-1 -> 0.16149795 | N70: =国航自动更新!F190 -> 20418.4 | O70: =N70/N58-1 -> 0.06412341 | Q70: =国航自动更新!G190 -> 12103.7 | R70: =Q70/Q58-1 -> 0.080697149 | T70: =国航自动更新!H190 -> 7520.8 | U70: =T70/T58-1 -> 0.032367879 | W70: =国航自动更新!I190 -> 793.8 | X70: =W70/W58-1 -> 0.12900014 | Z70: =国航自动更新!J190 -> 10051.2 | AA70: =Z70/Z58-1 -> 0.069344852 | AC70: =国航自动更新!K190 -> 8092.4 | AD70: =AC70/AC58-1 -> 0.06814852 | AF70: =国航自动更新!L190 -> 1440.7 | AG70: =AF70/AF58-1 -> 0.052758495 | AI70: =国航自动更新!M190 -> 518.1 | AJ70: =AI70/AI58-1 -> 0.13943259 | AL70: =国航自动更新!N190 -> 81.1 | AM70: =AL70-AL58 -> 0.6 | AO70: =国航自动更新!O190 -> 83.1 | AP70: =AO70-AO58 -> 0.5 | AR70: =国航自动更新!P190 -> 78.3 | AS70: =AR70-AR58 -> 0.9 | AU70: =国航自动更新!Q190 -> 80 | AV70: =AU70-AU58 -> -2.3 | AX70: =国航自动更新!R190 -> 679 | AY70: =AX70/AX58-1 -> 0.02413273
A71: 43708 | B71: =国航自动更新!B191 -> 25175.8 | C71: =B71/B59-1 -> 0.05571304 | E71: =国航自动更新!C191 -> 14668.4 | F71: =E71/E59-1 -> 0.073192859 | H71: =国航自动更新!D191 -> 9580.1 | I71: =H71/H59-1 -> 0.028647203 | K71: =国航自动更新!E191 -> 927.3 | L71: =K71/K59-1 -> 0.070908881 | N71: =国航自动更新!F191 -> 21296.8 | O71: =N71/N59-1 -> 0.062009744 | Q71: =国航自动更新!G191 -> 12635.7 | R71: =Q71/Q59-1 -> 0.070568001 | T71: =国航自动更新!H191 -> 7944.4 | U71: =T71/T59-1 -> 0.059267457 | W71: =国航自动更新!I191 -> 716.7 | X71: =W71/W59-1 -> -0.045291062 | Z71: =国航自动更新!J191 -> 10480 | AA71: =Z71/Z59-1 -> 0.059035146 | AC71: =国航自动更新!K191 -> 8473.8 | AD71: =AC71/AC59-1 -> 0.060497597 | AF71: =国航自动更新!L191 -> 1530.4 | AG71: =AF71/AF59-1 -> 0.074341874 | AI71: =国航自动更新!M191 -> 475.7 | AJ71: =AI71/AI59-1 -> -0.010813059 | AL71: =国航自动更新!N191 -> 84.6 | AM71: =AL71-AL59 -> 0.5 | AO71: =国航自动更新!O191 -> 86.1 | AP71: =AO71-AO59 -> -0.3 | AR71: =国航自动更新!P191 -> 82.9 | AS71: =AR71-AR59 -> 2.4 | AU71: =国航自动更新!Q191 -> 77.3 | AV71: =AU71-AU59 -> -9.4 | AX71: =国航自动更新!R191 -> 678 | AY71: =AX71/AX59-1 -> 0.01497006
... A111: 44896 | B111: =国航自动更新!B231 -> 7960.5 | C111: =B111/B99-1 -> -0.22146699 | E111: =国航自动更新!C231 -> 7012.5 | F111: =E111/E99-1 -> -0.27749387 | H111: =国航自动更新!D231 -> 719.6 | I111: =H111/H99-1 -> 1.4368439 | K111: =国航自动更新!E231 -> 228.3 | L111: =K111/K99-1 -> 0.019196429 | N111: =国航自动更新!F231 -> 4924.5 | O111: =N111/N99-1 -> -0.24104184 | Q111: =国航自动更新!G231 -> 4478.9 | R111: =Q111/Q99-1 -> -0.28421204 | T111: =国航自动更新!H231 -> 340.4 | U111: =T111/T99-1 -> 1.6677116 | W111: =国航自动更新!I231 -> 105.3 | X111: =W111/W99-1 -> 0.016409266 | Z111: =国航自动更新!J231 -> 2970.4 | AA111: =Z111/Z99-1 -> -0.30324639 | AC111: =国航自动更新!K231 -> 2846.7 | AD111: =AC111/AC99-1 -> -0.31924815 | AF111: =国航自动更新!L231 -> 60.5 | AG111: =AF111/AF99-1 -> 1.8009259 | AI111: =国航自动更新!M231 -> 63.1 | AJ111: =AI111/AI99-1 -> 0.053422371 | AL111: =国航自动更新!N231 -> 61.9 | AM111: =AL111-AL99 -> -1.6 | AO111: =国航自动更新!O231 -> 63.9 | AP111: =AO111-AO99 -> -0.6 | AR111: =国航自动更新!P231 -> 47.3 | AS111: =AR111-AR99 -> 4.1 | AU111: =国航自动更新!Q231 -> 46.1 | AV111: =AU111-AU99 -> -0.2 | AX111: =国航自动更新!R231 -> 762 | AY111: =AX111/AX99-1 -> 0.021447721
A112: 44927 | B112: =国航自动更新!B232 -> 15607.8 | C112: =B112/B100-1 -> 0.38371928 | D112: =B112/B64-1 -> -0.34112889 | E112: =国航自动更新!C232 -> 14555.8 | F112: =E112/E100-1 -> 0.3549354 | G112: =E112/E64-1 -> 0.057695941 | H112: =国航自动更新!D232 -> 720.8 | I112: =H112/H100-1 -> 1.5202797 | J112: =H112/H64-1 -> -0.9199698 | K112: =国航自动更新!E232 -> 331.2 | L112: =K112/K100-1 -> 0.32004783 | M112: =K112/K64-1 -> -0.64015645 | N112: =国航自动更新!F232 -> 10911.1 | O112: =N112/N100-1 -> 0.62227542 | P112: =N112/N64-1 -> -0.4236263 | Q112: =国航自动更新!G232 -> 10281.7 | R112: =Q112/Q100-1 -> 0.57886089 | S112: =Q112/Q64-1 -> -0.061931481 | T112: =国航自动更新!H232 -> 419.7 | U112: =T112/T100-1 -> 4.2007435 | V112: =T112/T64-1 -> -0.94184 | W112: =国航自动更新!I232 -> 209.7 | X112: =W112/W100-1 -> 0.57669173 | Y112: =W112/W64-1 -> -0.72177259 | Z112: =国航自动更新!J232 -> 6776.5 | AA112: =Z112/Z100-1 -> 0.54091912 | AB112: =Z112/Z64-1 -> -0.25992464 | AC112: =国航自动更新!K232 -> 6575.4 | AD112: =AC112/AC100-1 -> 0.52799015 | AE112: =AC112/AC64-1 -> -0.092272012 | AF112: =国航自动更新!L232 -> 73.5 | AG112: =AF112/AF100-1 -> 3.7419355 | AH112: =AF112/AF64-1 -> -0.94899729 | AI112: =国航自动更新!M232 -> 127.6 | AJ112: =AI112/AI100-1 -> 0.61723701 | AK112: =AI112/AI64-1 -> -0.72943172 | AL112: =国航自动更新!N232 -> 69.9 | AM112: =AL112-AL100 -> 10.3 | AN112: =AL112-AL64 -> -10 | AO112: =国航自动更新!O232 -> 70.6 | AP112: =AO112-AO100 -> 10 | AQ112: =AO112-AO64 -> -9 | AR112: =国航自动更新!P232 -> 58.2 | AS112: =AR112-AR100 -> 30 | AT112: =AR112-AR64 -> -21.9 | AU112: =国航自动更新!Q232 -> 63.3 | AV112: =AU112-AU100 -> 10.3 | AW112: =AU112-AU64 -> -18.6 | AX112: =国航自动更新!R232 -> 762 | AY112: =AX112/AX100-1 -> 0.021447721 | AZ112: =AX112/AX64-1 -> 0.13561848
A113: 44958 | B113: =国航自动更新!B233 -> 16028.7 | C113: =B113/B101-1 -> 0.51732331 | D113: =B113/B65-1 -> -0.27992938 | E113: =国航自动更新!C233 -> 14654.4 | F113: =E113/E101-1 -> 0.47162081 | G113: =E113/E65-1 -> 0.10585892 | H113: =国航自动更新!D233 -> 984 | I113: =H113/H101-1 -> 1.673913 | J113: =H113/H65-1 -> -0.87860095 | K113: =国航自动更新!E233 -> 390.4 | L113: =K113/K101-1 -> 0.64171573 | M113: =K113/K65-1 -> -0.56756757 | N113: =国航自动更新!F233 -> 11641.6 | O113: =N113/N101-1 -> 0.71167277 | P113: =N113/N65-1 -> -0.37747452 | Q113: =国航自动更新!G233 -> 10804.9 | R113: =Q113/Q101-1 -> 0.63775124 | S113: =Q113/Q65-1 -> -0.053098819 | T113: =国航自动更新!H233 -> 594.8 | U113: =T113/T101-1 -> 7.0705563 | V113: =T113/T65-1 -> -0.90912563 | W113: =国航自动更新!I233 -> 241.9 | X113: =W113/W101-1 -> 0.85648503 | Y113: =W113/W65-1 -> -0.67508395 | Z113: =国航自动更新!J233 -> 7229.3 | AA113: =Z113/Z101-1 -> 0.63762601 | AB113: =Z113/Z65-1 -> -0.22972095 | AC113: =国航自动更新!K233 -> 6978.4 | AD113: =AC113/AC101-1 -> 0.61488441 | AE113: =AC113/AC65-1 -> -0.075879969 | AF113: =国航自动更新!L233 -> 102.6 | AG113: =AF113/AF101-1 -> 6.2765957 | AH113: =AF113/AF65-1 -> -0.92443102 | AI113: =国航自动更新!M233 -> 148.3 | AJ113: =AI113/AI101-1 -> 0.87484197 | AK113: =AI113/AI65-1 -> -0.68851082 | AL113: =国航自动更新!N233 -> 72.6 | AM113: =AL113-AL101 -> 8.2 | AN113: =AL113-AL65 -> -11.4 | AO113: =国航自动更新!O233 -> 73.7 | AP113: =AO113-AO101 -> 7.4 | AQ113: =AO113-AO65 -> -12.4 | AR113: =国航自动更新!P233 -> 60.4 | AS113: =AR113-AR101 -> 40.4 | AT113: =AR113-AR65 -> -20.4 | AU113: =国航自动更新!Q233 -> 62 | AV113: =AU113-AU101 -> 7.2 | AW113: =AU113-AU65 -> -20.5 | AX113: =国航自动更新!R233 -> 764 | AY113: =AX113/AX101-1 -> 0.021390374 | AZ113: =AX113/AX65-1 -> 0.13521545
A114: 44986 | B114: =国航自动更新!B234 -> 21499.3 | C114: 2.244 | D114: =B114/B66-1 -> -0.092668948 | E114: =国航自动更新!C234 -> 19374.8 | F114: 2.244 | G114: =E114/E66-1 -> 0.41239421 | H114: =国航自动更新!D234 -> 1620.3 | I114: 2.244 | J114: =H114/H66-1 -> -0.82133642 | K114: =国航自动更新!E234 -> 504.2 | L114: 2.244 | M114: =K114/K66-1 -> -0.44495817 | N114: =国航自动更新!F234 -> 14953.4 | O114: 2.244 | P114: =N114/N66-1 -> -0.21781205 | Q114: =国航自动更新!G234 -> 13610.6 | R114: 2.244 | S114: =Q114/Q66-1 -> 0.21114453 | T114: =国航自动更新!H234 -> 1014.4 | U114: 2.244 | V114: =T114/T66-1 -> -0.85793115 | W114: =国航自动更新!I234 -> 328.4 | X114: 2.244 | Y114: =W114/W66-1 -> -0.5558561 | Z114: =国航自动更新!J234 -> 9369.5 | AA114: 2.244 | AB114: =Z114/Z66-1 -> -0.01149971 | AC114: =国航自动更新!K234 -> 8971.5 | AD114: 2.244 | AE114: =AC114/AC66-1 -> 0.1908017 | AF114: =国航自动更新!L234 -> 196.1 | AG114: 2.244 | AH114: =AF114/AF66-1 -> -0.86707788 | AI114: =国航自动更新!M234 -> 202 | AJ114: 2.244 | AK114: =AI114/AI66-1 -> -0.56947997 | AL114: =国航自动更新!N234 -> 69.6 | AM114: =AL114-AL102 -> 10.5 | AN114: =AL114-AL66 -> -11.1 | AO114: =国航自动更新!O234 -> 70.2 | AP114: =AO114-AO102 -> 9.1 | AQ114: =AO114-AO66 -> -11.7 | AR114: =国航自动更新!P234 -> 62.6 | AS114: =AR114-AR102 -> 32.3 | AT114: =AR114-AR66 -> -16.1 | AU114: =国航自动更新!Q234 -> 65.1 | AV114: =AU114-AU102 -> 24.8 | AW114: =AU114-AU66 -> -16.3 | AX114: =国航自动更新!R234 -> 896 | AY114: =AX114/AX102-1 -> 0.1930759 | AZ114: =AX114/AX66-1 -> 0.32544379
A115: 45017 | B115: =国航自动更新!B235 -> 24295 | C115: =B115/B103-1 -> 5.4712463 | D115: =B115/B67-1 -> 0.023214481 | E115: =国航自动更新!C235 -> 20741.5 | F115: =E115/E103-1 -> 4.9351303 | G115: =E115/E67-1 -> 0.56180114 | H115: =国航自动更新!D235 -> 2960.9 | I115: =H115/H103-1 -> 14.270242 | J115: =H115/H67-1 -> -0.68797817 | K115: =国航自动更新!E235 -> 592.7 | L115: =K115/K103-1 -> 8.021309 | M115: =K115/K67-1 -> -0.39141596 | N115: =国航自动更新!F235 -> 17151 | O115: =N115/N103-1 -> 7.3590019 | P115: =N115/N67-1 -> -0.10787108 | Q115: =国航自动更新!G235 -> 15018 | R115: =Q115/Q103-1 -> 6.7736943 | S115: =Q115/Q67-1 -> 0.37009296 | T115: =国航自动更新!H235 -> 1746.8 | U115: =T115/T103-1 -> 17.271967 | V115: =T115/T67-1 -> -0.76625184 | W115: =国航自动更新!I235 -> 386.2 | X115: =W115/W103-1 -> 14.893004 | Y115: =W115/W67-1 -> -0.51144845 | Z115: =国航自动更新!J235 -> 10517 | AA115: =Z115/Z103-1 -> 6.9158513 | AB115: =Z115/Z67-1 -> 0.1248008 | AC115: =国航自动更新!K235 -> 9922.6 | AD115: =AC115/AC103-1 -> 6.6146113 | AE115: =AC115/AC67-1 -> 0.34603958 | AF115: =国航自动更新!L235 -> 350.9 | AG115: =AF115/AF103-1 -> 25.583333 | AH115: =AF115/AF67-1 -> -0.76242383 | AI115: =国航自动更新!M235 -> 243.5 | AJ115: =AI115/AI103-1 -> 18.637097 | AK115: =AI115/AI67-1 -> -0.51435979 | AL115: =国航自动更新!N235 -> 70.6 | AM115: =AL115-AL103 -> 15.9 | AN115: =AL115-AL67 -> -10.4 | AO115: =国航自动更新!O235 -> 72.4 | AP115: =AO115-AO103 -> 17.1 | AQ115: =AO115-AO67 -> -10.1 | AR115: =国航自动更新!P235 -> 59 | AS115: =AR115-AR103 -> 9.7 | AT115: =AR115-AR67 -> -19.8 | AU115: =国航自动更新!Q235 -> 65.2 | AV115: =AU115-AU103 -> 28.2 | AW115: =AU115-AU67 -> -16 | AX115: =国航自动更新!R235 -> 896 | AY115: =AX115/AX103-1 -> 0.19148936 | AZ115: =AX115/AX67-1 -> 0.33333333
A116: 45047 | B116: =国航自动更新!B236 -> 25588.3 | C116: =B116/B104-1 -> 4.050987 | D116: =B116/B68-1 -> 0.056673508 | E116: =国航自动更新!C236 -> 21319.5 | F116: =E116/E104-1 -> 3.4427657 | G116: =E116/E68-1 -> 0.55346916 | H116: =国航自动更新!D236 -> 3625.7 | I116: =H116/H104-1 -> 16.347847 | J116: =H116/H68-1 -> -0.61860431 | K116: =国航自动更新!E236 -> 643.1 | L116: =K116/K104-1 -> 10.049828 | M116: =K116/K68-1 -> -0.34750406 | N116: =国航自动更新!F236 -> 17438.6 | O116: =N116/N104-1 -> 5.1747043 | P116: =N116/N68-1 -> -0.10109846 | Q116: =国航自动更新!G236 -> 14990.7 | R116: =Q116/Q104-1 -> 4.5562268 | S116: =Q116/Q68-1 -> 0.3409217 | T116: =国航自动更新!H236 -> 2056.6 | U116: =T116/T104-1 -> 18.420208 | V116: =T116/T68-1 -> -0.7235827 | W116: =国航自动更新!I236 -> 391.3 | X116: =W116/W104-1 -> 18.371287 | Y116: =W116/W68-1 -> -0.49859047 | Z116: =国航自动更新!J236 -> 10603.2 | AA116: =Z116/Z104-1 -> 4.8652506 | AB116: =Z116/Z68-1 -> 0.11679639 | AC116: =国航自动更新!K236 -> 9926.1 | AD116: =AC116/AC104-1 -> 4.5748947 | AE116: =AC116/AC68-1 -> 0.31079154 | AF116: =国航自动更新!L236 -> 431.9 | AG116: =AF116/AF104-1 -> 25.496933 | AH116: =AF116/AF68-1 -> -0.69723098 | AI116: =国航自动更新!M236 -> 245.3 | AJ116: =AI116/AI104-1 -> 21.3 | AK116: =AI116/AI68-1 -> -0.50464459 | AL116: =国航自动更新!N236 -> 68.2 | AM116: =AL116-AL104 -> 12.5 | AN116: =AL116-AL68 -> -11.9 | AO116: =国航自动更新!O236 -> 70.3 | AP116: =AO116-AO104 -> 14.1 | AQ116: =AO116-AO68 -> -11.2 | AR116: =国航自动更新!P236 -> 56.7 | AS116: =AR116-AR104 -> 6 | AT116: =AR116-AR68 -> -21.6 | AU116: =国航自动更新!Q236 -> 60.8 | AV116: =AU116-AU104 -> 26 | AW116: =AU116-AU68 -> -18.4 | AX116: =国航自动更新!R236 -> 899 | AY116: =AX116/AX104-1 -> 0.20348059 | AZ116: =AX116/AX68-1 -> 0.33185185
A117: 45078 | B117: =国航自动更新!B237 -> 25780.5 | C117: =B117/B105-1 -> 2.3211166 | D117: =B117/B69-1 -> 0.099405105 | E117: =国航自动更新!C237 -> 20834 | F117: =E117/E105-1 -> 1.7963224 | G117: =E117/E69-1 -> 0.57760429 | H117: =国航自动更新!D237 -> 4289.8 | I117: =H117/H105-1 -> 16.424045 | J117: =H117/H69-1 -> -0.53796609 | K117: =国航自动更新!E237 -> 656.7 | L117: =K117/K105-1 -> 8.9650986 | M117: =K117/K69-1 -> -0.31508135 | N117: =国航自动更新!F237 -> 18739.6 | O117: =N117/N105-1 -> 2.8277672 | P117: =N117/N69-1 -> -0.0079356256 | Q117: =国航自动更新!G237 -> 15486 | R117: =Q117/Q105-1 -> 2.2648156 | S117: =Q117/Q69-1 -> 0.42826839 | T117: =国航自动更新!H237 -> 2819.8 | U117: =T117/T105-1 -> 20.99532 | V117: =T117/T69-1 -> -0.61304223 | W117: =国航自动更新!I237 -> 433.8 | X117: =W117/W105-1 -> 16.851852 | Y117: =W117/W69-1 -> -0.42913541 | Z117: =国航自动更新!J237 -> 11049.4 | AA117: =Z117/Z105-1 -> 2.4985277 | AB117: =Z117/Z69-1 -> 0.20201471 | AC117: =国航自动更新!K237 -> 10193 | AD117: =AC117/AC105-1 -> 2.262282 | AE117: =AC117/AC69-1 -> 0.39241025 | AF117: =国航自动更新!L237 -> 585.7 | AG117: =AF117/AF105-1 -> 28.139303 | AH117: =AF117/AF69-1 -> -0.57650036 | AI117: =国航自动更新!M237 -> 270.7 | AJ117: =AI117/AI105-1 -> 18.759124 | AK117: =AI117/AI69-1 -> -0.44642127 | AL117: =国航自动更新!N237 -> 72.7 | AM117: =AL117-AL105 -> 9.6 | AN117: =AL117-AL69 -> -7.9 | AO117: =国航自动更新!O237 -> 74.3 | AP117: =AO117-AO105 -> 10.6 | AQ117: =AO117-AO69 -> -7.8 | AR117: =国航自动更新!P237 -> 65.7 | AS117: =AR117-AR105 -> 13.6 | AT117: =AR117-AR69 -> -12.8 | AU117: =国航自动更新!Q237 -> 66.1 | AV117: =AU117-AU105 -> 29.2 | AW117: =AU117-AU69 -> -13.2 | AX117: =国航自动更新!R237 -> 902 | AY117: =AX117/AX105-1 -> 0.20588235 | AZ117: =AX117/AX69-1 -> 0.33431953
A118: 45108 | B118: =国航自动更新!B238 -> 29368.2 | C118: =B118/B106-1 -> 1.3391823 | D118: =B118/B70-1 -> 0.16698389 | E118: =国航自动更新!C238 -> 23639 | F118: =E118/E106-1 -> 0.93633735 | G118: =E118/E70-1 -> 0.62246565 | H118: =国航自动更新!D238 -> 4985.2 | I118: =H118/H106-1 -> 15.10727 | J118: =H118/H70-1 -> -0.4809084 | K118: =国航自动更新!E238 -> 744 | L118: =K118/K106-1 -> 18.946381 | M118: =K118/K70-1 -> -0.25037783 | N118: =国航自动更新!F238 -> 22135.7 | O118: =N118/N106-1 -> 1.6647686 | P118: =N118/N70-1 -> 0.084105513 | Q118: =国航自动更新!G238 -> 17948.6 | R118: =Q118/Q106-1 -> 1.2085964 | S118: =Q118/Q70-1 -> 0.48290192 | T118: =国航自动更新!H238 -> 3628.8 | U118: =T118/T106-1 -> 20.523132 | V118: =T118/T70-1 -> -0.51749814 | W118: =国航自动更新!I238 -> 558.3 | X118: =W118/W106-1 -> 47.547826 | Y118: =W118/W70-1 -> -0.29667423 | Z118: =国航自动更新!J238 -> 12796.8 | AA118: =Z118/Z106-1 -> 1.4566711 | AB118: =Z118/Z70-1 -> 0.27316141 | AC118: =国航自动更新!K238 -> 11691.4 | AD118: =AC118/AC106-1 -> 1.2602123 | AE118: =AC118/AC70-1 -> 0.44473827 | AF118: =国航自动更新!L238 -> 754.3 | AG118: =AF118/AF106-1 -> 24.227425 | AH118: =AF118/AF70-1 -> -0.47643507 | AI118: =国航自动更新!M238 -> 351.1 | AJ118: =AI118/AI106-1 -> 54.730159 | AK118: =AI118/AI70-1 -> -0.3223316 | AL118: =国航自动更新!N238 -> 75.4 | AM118: =AL118-AL106 -> 9.2 | AN118: =AL118-AL70 -> -5.7 | AO118: =国航自动更新!O238 -> 75.9 | AP118: =AO118-AO106 -> 9.3 | AQ118: =AO118-AO70 -> -7.2 | AR118: =国航自动更新!P238 -> 72.8 | AS118: =AR118-AR106 -> 18.3 | AT118: =AR118-AR70 -> -5.5 | AU118: =国航自动更新!Q238 -> 75 | AV118: =AU118-AU106 -> 44.3 | AW118: =AU118-AU70 -> -5 | AX118: =国航自动更新!R238 -> 903 | AY118: =AX118/AX106-1 -> 0.2023968 | AZ118: =AX118/AX70-1 -> 0.32989691
A119: 45139 | B119: =国航自动更新!B239 -> 29935.1 | C119: =B119/B107-1 -> 1.5328589 | D119: =B119/B71-1 -> 0.18904265 | E119: =国航自动更新!C239 -> 23944.3 | F119: =E119/E107-1 -> 1.1017968 | G119: =E119/E71-1 -> 0.63237299 | H119: =国航自动更新!D239 -> 5233.1 | I119: =H119/H107-1 -> 13.66676 | J119: =H119/H71-1 -> -0.45375309 | K119: =国航自动更新!E239 -> 757.7 | L119: =K119/K107-1 -> 9.8864943 | M119: =K119/K71-1 -> -0.18289658 | N119: =国航自动更新!F239 -> 22933.9 | O119: =N119/N107-1 -> 1.9026579 | P119: =N119/N71-1 -> 0.076870704 | Q119: =国航自动更新!G239 -> 18399.9 | R119: =Q119/Q107-1 -> 1.3953213 | S119: =Q119/Q71-1 -> 0.45618367 | T119: =国航自动更新!H239 -> 3939.8 | U119: =T119/T107-1 -> 19.801478 | V119: =T119/T71-1 -> -0.50407834 | W119: =国航自动更新!I239 -> 594.1 | X119: =W119/W107-1 -> 18.803333 | Y119: =W119/W71-1 -> -0.17106181 | Z119: =国航自动更新!J239 -> 13273.1 | AA119: =Z119/Z107-1 -> 1.5926049 | AB119: =Z119/Z71-1 -> 0.26651718 | AC119: =国航自动更新!K239 -> 12058.9 | AD119: =AC119/AC107-1 -> 1.3805002 | AE119: =AC119/AC71-1 -> 0.42308055 | AF119: =国航自动更新!L239 -> 834.8 | AG119: =AF119/AF107-1 -> 21.143236 | AH119: =AF119/AF71-1 -> -0.45452169 | AI119: =国航自动更新!M239 -> 379.5 | AJ119: =AI119/AI107-1 -> 22.571429 | AK119: =AI119/AI71-1 -> -0.2022283 | AL119: =国航自动更新!N239 -> 76.6 | AM119: =AL119-AL107 -> 9.7 | AN119: =AL119-AL71 -> -8 | AO119: =国航自动更新!O239 -> 76.8 | AP119: =AO119-AO107 -> 9.4 | AQ119: =AO119-AO71 -> -9.3 | AR119: =国航自动更新!P239 -> 75.3 | AS119: =AR119-AR107 -> 22.2 | AT119: =AR119-AR71 -> -7.6 | AU119: =国航自动更新!Q239 -> 78.4 | AV119: =AU119-AU107 -> 35.3 | AW119: =AU119-AU71 -> 1.1 | AX119: =国航自动更新!R239 -> 901 | AY119: =AX119/AX107-1 -> 0.20133333 | AZ119: =AX119/AX71-1 -> 0.32890855
A120: 45171 | B120: =国航自动更新!B240 -> 26365.2 | C120: =B120/B108-1 -> 2.6056454 | D120: =B120/B72-1 -> 0.11327304 | E120: =国航自动更新!C240 -> 20375.1 | F120: =E120/E108-1 -> 2.0649849 | G120: =E120/E72-1 -> 0.45593626 | H120: =国航自动更新!D240 -> 5346 | I120: =H120/H108-1 -> 9.480298 | J120: =H120/H72-1 -> -0.39888683 | K120: =国航自动更新!E240 -> 644.2 | L120: =K120/K108-1 -> 3.1722798 | M120: =K120/K72-1 -> -0.18927762 | N120: =国航自动更新!F240 -> 19560.6 | O120: =N120/N108-1 -> 3.1471823 | P120: =N120/N72-1 -> 0.025043626 | Q120: =国航自动更新!G240 -> 15326.4 | R120: =Q120/Q108-1 -> 2.5135371 | S120: =Q120/Q72-1 -> 0.3389946 | T120: =国航自动更新!H240 -> 3805.5 | U120: =T120/T108-1 -> 12.385508 | V120: =T120/T72-1 -> -0.46337164 | W120: =国航自动更新!I240 -> 428.8 | X120: =W120/W108-1 -> 5.1082621 | Y120: =W120/W72-1 -> -0.21321101 | Z120: =国航自动更新!J240 -> 10982.3 | AA120: =Z120/Z108-1 -> 2.592744 | AB120: =Z120/Z72-1 -> 0.16815581 | AC120: =国航自动更新!K240 -> 9931.7 | AD120: =AC120/AC108-1 -> 2.3449077 | AE120: =AC120/AC72-1 -> 0.29167642 | AF120: =国航自动更新!L240 -> 783.3 | AG120: =AF120/AF108-1 -> 14.985714 | AH120: =AF120/AF72-1 -> -0.42357789 | AI120: =国航自动更新!M240 -> 267.3 | AJ120: =AI120/AI108-1 -> 5.9248705 | AK120: =AI120/AI72-1 -> -0.24384724 | AL120: =国航自动更新!N240 -> 74.2 | AM120: =AL120-AL108 -> 9.7 | AN120: =AL120-AL72 -> -6.4 | AO120: =国航自动更新!O240 -> 75.2 | AP120: =AO120-AO108 -> 9.6 | AQ120: =AO120-AO72 -> -6.6 | AR120: =国航自动更新!P240 -> 71.2 | AS120: =AR120-AR108 -> 15.5 | AT120: =AR120-AR72 -> -8.5 | AU120: =国航自动更新!Q240 -> 66.6 | AV120: =AU120-AU108 -> 21.1 | AW120: =AU120-AU72 -> -2 | AX120: =国航自动更新!R240 -> 899 | AY120: =AX120/AX108-1 -> 0.19547872 | AZ120: =AX120/AX72-1 -> 0.32205882
A121: 45203 | B121: =国航自动更新!B241 -> 26827.8 | C121: =B121/B109-1 -> 3.1260208 | D121: =B121/B73-1 -> 0.11312668 | E121: =国航自动更新!C241 -> 20640.9 | F121: =E121/E109-1 -> 2.5486805 | G121: =E121/E73-1 -> 0.44196753 | H121: =国航自动更新!D241 -> 5502.6 | I121: =H121/H109-1 -> 9.4911344 | J121: =H121/H73-1 -> -0.38441402 | K121: =国航自动更新!E241 -> 684.2 | L121: =K121/K109-1 -> 3.2444169 | M121: =K121/K73-1 -> -0.19335062 | N121: =国航自动更新!F241 -> 20583.9 | O121: =N121/N109-1 -> 3.9361871 | P121: =N121/N73-1 -> 0.046004289 | Q121: =国航自动更新!G241 -> 16273.4 | R121: =Q121/Q109-1 -> 3.2082751 | S121: =Q121/Q73-1 -> 0.34743693 | T121: =国航自动更新!H241 -> 3844.6 | U121: =T121/T109-1 -> 15.636088 | V121: =T121/T73-1 -> -0.45164879 | W121: =国航自动更新!I241 -> 465.9 | X121: =W121/W109-1 -> 5.4798331 | Y121: =W121/W73-1 -> -0.2104728 | Z121: =国航自动更新!J241 -> 11716 | AA121: =Z121/Z109-1 -> 3.365452 | AB121: =Z121/Z73-1 -> 0.19374395 | AC121: =国航自动更新!K241 -> 10606.5 | AD121: =AC121/AC109-1 -> 3.0744084 | AE121: =AC121/AC73-1 -> 0.31232833 | AF121: =国航自动更新!L241 -> 813.8 | AG121: =AF121/AF109-1 -> 19.760204 | AH121: =AF121/AF73-1 -> -0.40033896 | AI121: =国航自动更新!M241 -> 295.6 | AJ121: =AI121/AI109-1 -> 6.1400966 | AK121: =AI121/AI73-1 -> -0.21215352 | AL121: =国航自动更新!N241 -> 76.7 | AM121: =AL121-AL109 -> 12.6 | AN121: =AL121-AL73 -> -4.9 | AO121: =国航自动更新!O241 -> 78.8 | AP121: =AO121-AO109 -> 12.3 | AQ121: =AO121-AO73 -> -5.6 | AR121: =国航自动更新!P241 -> 69.9 | AS121: =AR121-AR109 -> 25.8 | AT121: =AR121-AR73 -> -8.5 | AU121: =国航自动更新!Q241 -> 68.1 | AV121: =AU121-AU109 -> 23.5 | AW121: =AU121-AU73 -> -1.5 | AX121: =国航自动更新!R241 -> 899 | AY121: =AX121/AX109-1 -> 0.1938911 | AZ121: =AX121/AX73-1 -> 0.32205882
A122: 45231 | B122: =国航自动更新!B242 -> 25029.3 | C122: =B122/B110-1 -> 3.341144 | D122: =B122/B74-1 -> 0.066947158 | E122: =国航自动更新!C242 -> 18563.2 | F122: =E122/E110-1 -> 2.7156125 | G122: =E122/E74-1 -> 0.32536538 | H122: =国航自动更新!D242 -> 5739.2 | I122: =H122/H110-1 -> 8.3685929 | J122: =H122/H74-1 -> -0.33911401 | K122: =国航自动更新!E242 -> 726.9 | L122: =K122/K110-1 -> 3.6299363 | M122: =K122/K74-1 -> -0.05437752 | N122: =国航自动更新!F242 -> 18374.2 | O122: =N122/N110-1 -> 4.1348965 | P122: =N122/N74-1 -> -0.015010025 | Q122: =国航自动更新!G242 -> 14123.3 | R122: =Q122/Q110-1 -> 3.3566229 | S122: =Q122/Q74-1 -> 0.24499079 | T122: =国航自动更新!H242 -> 3770.1 | U122: =T122/T110-1 -> 13.505964 | V122: =T122/T74-1 -> -0.44176439 | W122: =国航自动更新!I242 -> 480.9 | X122: =W122/W110-1 -> 5.2780679 | Y122: =W122/W74-1 -> -0.13584906 | Z122: =国航自动更新!J242 -> 10361.4 | AA122: =Z122/Z110-1 -> 3.721316 | AB122: =Z122/Z74-1 -> 0.11400925 | AC122: =国航自动更新!K242 -> 9258.4 | AD122: =AC122/AC110-1 -> 3.4045671 | AE122: =AC122/AC74-1 -> 0.2216182 | AF122: =国航自动更新!L242 -> 803.3 | AG122: =AF122/AF110-1 -> 16.693833 | AH122: =AF122/AF74-1 -> -0.41287823 | AI122: =国航自动更新!M242 -> 299.7 | AJ122: =AI122/AI110-1 -> 5.3495763 | AK122: =AI122/AI74-1 -> -0.15315061 | AL122: =国航自动更新!N242 -> 73.4 | AM122: =AL122-AL110 -> 11.3 | AN122: =AL122-AL74 -> -6.1 | AO122: =国航自动更新!O242 -> 76.1 | AP122: =AO122-AO110 -> 11.2 | AQ122: =AO122-AO74 -> -4.9 | AR122: =国航自动更新!P242 -> 65.7 | AS122: =AR122-AR110 -> 23.3 | AT122: =AR122-AR74 -> -12.1 | AU122: =国航自动更新!Q242 -> 66.2 | AV122: =AU122-AU110 -> 17.4 | AW122: =AU122-AU74 -> -6.2 | AX122: =国航自动更新!R242 -> 900 | AY122: =AX122/AX110-1 -> 0.18890357 | AZ122: =AX122/AX74-1 -> 0.31195335
A123: 45261 | B123: =国航自动更新!B243 -> 26188.6 | C123: =B123/B111-1 -> 2.2898185 | D123: =B123/B75-1 -> 0.07218276 | E123: =国航自动更新!C243 -> 18684.8 | F123: =E123/E111-1 -> 1.6644991 | G123: =E123/E75-1 -> 0.28995913 | H123: =国航自动更新!D243 -> 6685.8 | I123: =H123/H111-1 -> 8.290995 | J123: =H123/H75-1 -> -0.2679594 | K123: =国航自动更新!E243 -> 818.1 | L123: =K123/K111-1 -> 2.5834428 | M123: =K123/K75-1 -> 0.013001486 | N123: =国航自动更新!F243 -> 19748.9 | O123: =N123/N111-1 -> 3.0103361 | P123: =N123/N75-1 -> 0.024400239 | Q123: =国航自动更新!G243 -> 14524.8 | R123: =Q123/Q111-1 -> 2.2429391 | S123: =Q123/Q75-1 -> 0.26042851 | T123: =国航自动更新!H243 -> 4665.9 | U123: =T123/T111-1 -> 12.707109 | V123: =T123/T75-1 -> -0.34841079 | W123: =国航自动更新!I243 -> 558.1 | X123: =W123/W111-1 -> 4.300095 | Y123: =W123/W75-1 -> -0.06043771 | Z123: =国航自动更新!J243 -> 10780.4 | AA123: =Z123/Z111-1 -> 2.6292755 | AB123: =Z123/Z75-1 -> 0.13585502 | AC123: =国航自动更新!K243 -> 9433.6 | AD123: =AC123/AC111-1 -> 2.3138722 | AE123: =AC123/AC75-1 -> 0.23319869 | AF123: =国航自动更新!L243 -> 1000.6 | AG123: =AF123/AF111-1 -> 15.538843 | AH123: =AF123/AF75-1 -> -0.31522037 | AI123: =国航自动更新!M243 -> 346.1 | AJ123: =AI123/AI111-1 -> 4.4849445 | AK123: =AI123/AI75-1 -> -0.089450145 | AL123: =国航自动更新!N243 -> 75.4 | AM123: =AL123-AL111 -> 13.5 | AN123: =AL123-AL75 -> -3.5 | AO123: =国航自动更新!O243 -> 77.7 | AP123: =AO123-AO111 -> 13.8 | AQ123: =AO123-AO75 -> -1.9 | AR123: =国航自动更新!P243 -> 69.8 | AS123: =AR123-AR111 -> 22.5 | AT123: =AR123-AR75 -> -8.6 | AU123: =国航自动更新!Q243 -> 68.2 | AV123: =AU123-AU111 -> 22.1 | AW123: =AU123-AU75 -> -5.3 | AX123: =国航自动更新!R243 -> 905 | AY123: =AX123/AX111-1 -> 0.18766404 | AZ123: =AX123/AX75-1 -> 0.2965616
A124: 45292 | B124: =国航自动更新!B244 -> 28532.5 | C124: =B124/B112-1 -> 0.82809236 | D124: =B124/B64-1 -> 0.20447724 | E124: =国航自动更新!C244 -> 20742.2 | F124: =E124/E112-1 -> 0.42501271 | G124: =E124/E64-1 -> 0.50723016 | H124: =国航自动更新!D244 -> 6955.6 | I124: =H124/H112-1 -> 8.6498335 | J124: =H124/H64-1 -> -0.22772189 | K124: =国航自动更新!E244 -> 834.7 | L124: =K124/K112-1 -> 1.5202295 | M124: =K124/K64-1 -> -0.093111691 | N124: =国航自动更新!F244 -> 22138.4 | O124: =N124/N112-1 -> 1.0289797 | P124: =N124/N64-1 -> 0.16945052 | Q124: =国航自动更新!G244 -> 16422 | R124: =Q124/Q112-1 -> 0.59720669 | S124: =Q124/Q64-1 -> 0.49828931 | T124: =国航自动更新!H244 -> 5134.4 | U124: =T124/T112-1 -> 11.2335 | V124: =T124/T64-1 -> -0.28849965 | W124: =国航自动更新!I244 -> 582 | X124: =W124/W112-1 -> 1.7753934 | Y124: =W124/W64-1 -> -0.22780947 | Z124: =国航自动更新!J244 -> 12095.3 | AA124: =Z124/Z112-1 -> 0.78488895 | AB124: =Z124/Z64-1 -> 0.32095233 | AC124: =国航自动更新!K244 -> 10645.6 | AD124: =AC124/AC112-1 -> 0.61900417 | AE124: =AC124/AC64-1 -> 0.4696154 | AF124: =国航自动更新!L244 -> 1091.3 | AG124: =AF124/AF112-1 -> 13.847619 | AH124: =AF124/AF64-1 -> -0.24273125 | AI124: =国航自动更新!M244 -> 358.5 | AJ124: =AI124/AI112-1 -> 1.8095611 | AK124: =AI124/AI64-1 -> -0.23982188 | AL124: =国航自动更新!N244 -> 77.6 | AM124: =AL124-AL112 -> 7.7 | AN124: =AL124-AL64 -> -2.3 | AO124: =国航自动更新!O244 -> 79.2 | AP124: =AO124-AO112 -> 8.6 | AQ124: =AO124-AO64 -> -0.4 | AR124: =国航自动更新!P244 -> 73.8 | AS124: =AR124-AR112 -> 15.6 | AT124: =AR124-AR64 -> -6.3 | AU124: =国航自动更新!Q244 -> 69.7 | AV124: =AU124-AU112 -> 6.4 | AW124: =AU124-AU64 -> -12.2 | AX124: =国航自动更新!R244 -> 908 | AY124: =AX124/AX112-1 -> 0.19160105 | AZ124: =AX124/AX64-1 -> 0.35320417
A125: 45323 | B125: =国航自动更新!B245 -> 29035.8 | C125: =B125/B113-1 -> 0.81148814 | D125: =B125/B65-1 -> 0.30439939 | E125: =国航自动更新!C245 -> 21577.6 | F125: =E125/E113-1 -> 0.47243149 | G125: =E125/E65-1 -> 0.62830149 | H125: =国航自动更新!D245 -> 6642.7 | I125: =H125/H113-1 -> 5.7507114 | J125: =H125/H65-1 -> -0.18047005 | K125: =国航自动更新!E245 -> 815.5 | L125: =K125/K113-1 -> 1.0888832 | M125: =K125/K65-1 -> -0.096699158 | N125: =国航自动更新!F245 -> 23961.7 | O125: =N125/N113-1 -> 1.0582824 | P125: =N125/N65-1 -> 0.28133322 | Q125: =国航自动更新!G245 -> 18043.6 | R125: =Q125/Q113-1 -> 0.66994604 | S125: =Q125/Q65-1 -> 0.58127388 | T125: =国航自动更新!H245 -> 5302 | U125: =T125/T113-1 -> 7.9139206 | V125: =T125/T65-1 -> -0.1899531 | W125: =国航自动更新!I245 -> 616.1 | X125: =W125/W113-1 -> 1.5469202 | Y125: =W125/W65-1 -> -0.17246474 | Z125: =国航自动更新!J245 -> 13254.1 | AA125: =Z125/Z113-1 -> 0.83338636 | AB125: =Z125/Z65-1 -> 0.41221911 | AC125: =国航自动更新!K245 -> 11693.2 | AD125: =AC125/AC113-1 -> 0.67562765 | AE125: =AC125/AC65-1 -> 0.54848108 | AF125: =国航自动更新!L245 -> 1177.5 | AG125: =AF125/AF113-1 -> 10.476608 | AH125: =AF125/AF65-1 -> -0.13272446 | AI125: =国航自动更新!M245 -> 383.4 | AJ125: =AI125/AI113-1 -> 1.5853001 | AK125: =AI125/AI65-1 -> -0.19470699 | AL125: =国航自动更新!N245 -> 82.5 | AM125: =AL125-AL113 -> 9.9 | AN125: =AL125-AL65 -> -1.5 | AO125: =国航自动更新!O245 -> 83.6 | AP125: =AO125-AO113 -> 9.9 | AQ125: =AO125-AO65 -> -2.5 | AR125: =国航自动更新!P245 -> 79.8 | AS125: =AR125-AR113 -> 19.4 | AT125: =AR125-AR65 -> -1 | AU125: =国航自动更新!Q245 -> 75.5 | AV125: =AU125-AU113 -> 13.5 | AW125: =AU125-AU65 -> -7 | AX125: =国航自动更新!R245 -> 908 | AY125: =AX125/AX113-1 -> 0.18848168 | AZ125: =AX125/AX65-1 -> 0.34918276
A126: 45352 | B126: =国航自动更新!B246 -> 28612.7 | C126: =B126/B114-1 -> 0.33086659 | D126: =B126/B66-1 -> 0.20753658 | E126: =国航自动更新!C246 -> 20693.9 | F126: =E126/E114-1 -> 0.068083283 | G126: =E126/E66-1 -> 0.50855464 | H126: =国航自动更新!D246 -> 7132.5 | I126: =H126/H114-1 -> 3.4019626 | J126: =H126/H66-1 -> -0.21352961 | K126: =国航自动更新!E246 -> 786.3 | L126: =K126/K114-1 -> 0.5595002 | M126: =K126/K66-1 -> -0.13441215 | N126: =国航自动更新!F246 -> 22451 | O126: =N126/N114-1 -> 0.50139768 | P126: =N126/N66-1 -> 0.17437518 | Q126: =国航自动更新!G246 -> 16291.3 | R126: =Q126/Q114-1 -> 0.19695678 | S126: =Q126/Q66-1 -> 0.44968766 | T126: =国航自动更新!H246 -> 5607.3 | U126: =T126/T114-1 -> 4.5277011 | V126: =T126/T66-1 -> -0.21468586 | W126: =国航自动更新!I246 -> 552.4 | X126: =W126/W114-1 -> 0.68209501 | Y126: =W126/W66-1 -> -0.25290776 | Z126: =国航自动更新!J246 -> 12368.5 | AA126: =Z126/Z114-1 -> 0.32008111 | AB126: =Z126/Z66-1 -> 0.30490056 | AC126: =国航自动更新!K246 -> 10766.4 | AD126: =AC126/AC114-1 -> 0.20006688 | AE126: =AC126/AC66-1 -> 0.42904168 | AF126: =国航自动更新!L246 -> 1258.1 | AG126: =AF126/AF114-1 -> 5.4156043 | AH126: =AF126/AF66-1 -> -0.14722429 | AI126: =国航自动更新!M246 -> 344 | AJ126: =AI126/AI114-1 -> 0.7029703 | AK126: =AI126/AI66-1 -> -0.26683717 | AL126: =国航自动更新!N246 -> 78.5 | AM126: =AL126-AL114 -> 8.9 | AN126: =AL126-AL66 -> -2.2 | AO126: =国航自动更新!O246 -> 78.7 | AP126: =AO126-AO114 -> 8.5 | AQ126: =AO126-AO66 -> -3.2 | AR126: =国航自动更新!P246 -> 78.6 | AS126: =AR126-AR114 -> 16 | AT126: =AR126-AR66 -> -0.1 | AU126: =国航自动更新!Q246 -> 70.3 | AV126: =AU126-AU114 -> 5.2 | AW126: =AU126-AU66 -> -11.1 | AX126: =国航自动更新!R246 -> 911 | AY126: =AX126/AX114-1 -> 0.016741071 | AZ126: =AX126/AX66-1 -> 0.34763314
A127: 45383 | B127: =国航自动更新!B247 -> 27734.3 | C127: =B127/B115-1 -> 0.14156411 | D127: =B127/B67-1 -> 0.16806493 | E127: =国航自动更新!C247 -> 19436.2 | F127: =E127/E115-1 -> -0.062931803 | G127: =E127/E67-1 -> 0.46351417 | H127: =国航自动更新!D247 -> 7434.8 | I127: =H127/H115-1 -> 1.5109933 | J127: =H127/H67-1 -> -0.21651527 | K127: =国航自动更新!E247 -> 863.4 | L127: =K127/K115-1 -> 0.45672347 | M127: =K127/K67-1 -> -0.11346134 | N127: =国航自动更新!F247 -> 21854.9 | O127: =N127/N115-1 -> 0.27426389 | P127: =N127/N67-1 -> 0.13680767 | Q127: =国航自动更新!G247 -> 15470.5 | R127: =Q127/Q115-1 -> 0.03013051 | S127: =Q127/Q67-1 -> 0.41137456 | T127: =国航自动更新!H247 -> 5745.9 | U127: =T127/T115-1 -> 2.2893863 | V127: =T127/T67-1 -> -0.231112 | W127: =国航自动更新!I247 -> 638.5 | X127: =W127/W115-1 -> 0.65328845 | Y127: =W127/W67-1 -> -0.19228336 | Z127: =国航自动更新!J247 -> 12009.6 | AA127: =Z127/Z115-1 -> 0.1419226 | AB127: =Z127/Z67-1 -> 0.28443546 | AC127: =国航自动更新!K247 -> 10277.7 | AD127: =AC127/AC115-1 -> 0.035786991 | AE127: =AC127/AC67-1 -> 0.39421029 | AF127: =国航自动更新!L247 -> 1330.6 | AG127: =AF127/AF115-1 -> 2.7919635 | AH127: =AF127/AF67-1 -> -0.099119838 | AI127: =国航自动更新!M247 -> 401.3 | AJ127: =AI127/AI115-1 -> 0.64804928 | AK127: =AI127/AI67-1 -> -0.19964101 | AL127: =国航自动更新!N247 -> 78.8 | AM127: =AL127-AL115 -> 8.2 | AN127: =AL127-AL67 -> -2.2 | AO127: =国航自动更新!O247 -> 79.6 | AP127: =AO127-AO115 -> 7.2 | AQ127: =AO127-AO67 -> -2.9 | AR127: =国航自动更新!P247 -> 77.3 | AS127: =AR127-AR115 -> 18.3 | AT127: =AR127-AR67 -> -1.5 | AU127: =国航自动更新!Q247 -> 74 | AV127: =AU127-AU115 -> 8.8 | AW127: =AU127-AU67 -> -7.2 | AX127: =国航自动更新!R247 -> 914 | AY127: =AX127/AX115-1 -> 0.020089286 | AZ127: =AX127/AX67-1 -> 0.36011905
A128: 45413 | B128: =国航自动更新!B248 -> 29146.1 | C128: =B128/B116-1 -> 0.13904011 | D128: =B128/B68-1 -> 0.20359351 | E128: =国航自动更新!C248 -> 20294.5 | F128: =E128/E116-1 -> -0.048078051 | G128: =E128/E68-1 -> 0.47878139 | H128: =国航自动更新!D248 -> 7976.7 | I128: =H128/H116-1 -> 1.2000441 | J128: =H128/H68-1 -> -0.16091265 | K128: =国航自动更新!E248 -> 874.9 | L128: =K128/K116-1 -> 0.36044161 | M128: =K128/K68-1 -> -0.11231737 | N128: =国航自动更新!F248 -> 22828.8 | O128: =N128/N116-1 -> 0.30909591 | P128: =N128/N68-1 -> 0.17674833 | Q128: =国航自动更新!G248 -> 16438.7 | R128: =Q128/Q116-1 -> 0.096593221 | S128: =Q128/Q68-1 -> 0.47044564 | T128: =国航自动更新!H248 -> 5781.8 | U128: =T128/T116-1 -> 1.8113391 | V128: =T128/T68-1 -> -0.22289723 | W128: =国航自动更新!I248 -> 608.2 | X128: =W128/W116-1 -> 0.55430616 | Y128: =W128/W68-1 -> -0.22065607 | Z128: =国航自动更新!J248 -> 12690.5 | AA128: =Z128/Z116-1 -> 0.19685567 | AB128: =Z128/Z68-1 -> 0.33664409 | AC128: =国航自动更新!K248 -> 10988.2 | AD128: =AC128/AC116-1 -> 0.10700074 | AE128: =AC128/AC68-1 -> 0.4510472 | AF128: =国航自动更新!L248 -> 1320.2 | AG128: =AF128/AF116-1 -> 2.0567261 | AH128: =AF128/AF68-1 -> -0.074518051 | AI128: =国航自动更新!M248 -> 382.1 | AJ128: =AI128/AI116-1 -> 0.55768447 | AK128: =AI128/AI68-1 -> -0.22839257 | AL128: =国航自动更新!N248 -> 78.3 | AM128: =AL128-AL116 -> 10.1 | AN128: =AL128-AL68 -> -1.8 | AO128: =国航自动更新!O248 -> 81 | AP128: =AO128-AO116 -> 10.7 | AQ128: =AO128-AO68 -> -0.5 | AR128: =国航自动更新!P248 -> 72.5 | AS128: =AR128-AR116 -> 15.8 | AT128: =AR128-AR68 -> -5.8 | AU128: =国航自动更新!Q248 -> 69.5 | AV128: =AU128-AU116 -> 8.7 | AW128: =AU128-AU68 -> -9.7 | AX128: =国航自动更新!R248 -> 915 | AY128: =AX128/AX116-1 -> 0.017797553 | AZ128: =AX128/AX68-1 -> 0.35555556
A129: 45444 | B129: =国航自动更新!B249 -> 28729.5 | C129: =B129/B117-1 -> 0.11438878 | D129: =B129/B69-1 -> 0.22516472 | E129: =国航自动更新!C249 -> 19931.1 | F129: =E129/E117-1 -> -0.043337813 | G129: =E129/E69-1 -> 0.50923437 | H129: =国航自动更新!D249 -> 7940.3 | I129: =H129/H117-1 -> 0.85097207 | J129: =H129/H69-1 -> -0.14478814 | K129: =国航自动更新!E249 -> 858 | L129: =K129/K117-1 -> 0.30653266 | M129: =K129/K69-1 -> -0.10513141 | N129: =国航自动更新!F249 -> 22978.7 | O129: =N129/N117-1 -> 0.2262108 | P129: =N129/N69-1 -> 0.21648006 | Q129: =国航自动更新!G249 -> 16300.1 | R129: =Q129/Q117-1 -> 0.052570063 | S129: =Q129/Q69-1 -> 0.50335255 | T129: =国航自动更新!H249 -> 6053.6 | U129: =T129/T117-1 -> 1.1468189 | V129: =T129/T69-1 -> -0.16927173 | W129: =国航自动更新!I249 -> 625 | X129: =W129/W117-1 -> 0.44075611 | Y129: =W129/W69-1 -> -0.17752336 | Z129: =国航自动更新!J249 -> 12541.4 | AA129: =Z129/Z117-1 -> 0.13502996 | AB129: =Z129/Z69-1 -> 0.3643227 | AC129: =国航自动更新!K249 -> 10790 | AD129: =AC129/AC117-1 -> 0.058569607 | AE129: =AC129/AC69-1 -> 0.47396317 | AF129: =国航自动更新!L249 -> 1358.4 | AG129: =AF129/AF117-1 -> 1.3192761 | AH129: =AF129/AF69-1 -> -0.017787419 | AI129: =国航自动更新!M249 -> 393.1 | AJ129: =AI129/AI117-1 -> 0.45216106 | AK129: =AI129/AI69-1 -> -0.19611452 | AL129: =国航自动更新!N249 -> 80 | AM129: =AL129-AL117 -> 7.3 | AN129: =AL129-AL69 -> -0.6 | AO129: =国航自动更新!O249 -> 81.8 | AP129: =AO129-AO117 -> 7.5 | AQ129: =AO129-AO69 -> -0.3 | AR129: =国航自动更新!P249 -> 76.2 | AS129: =AR129-AR117 -> 10.5 | AT129: =AR129-AR69 -> -2.3 | AU129: =国航自动更新!Q249 -> 72.8 | AV129: =AU129-AU117 -> 6.7 | AW129: =AU129-AU69 -> -6.5 | AX129: =国航自动更新!R249 -> 915 | AY129: =AX129/AX117-1 -> 0.014412417 | AZ129: =AX129/AX69-1 -> 0.3535503
A130: 45474 | B130: =国航自动更新!B250 -> 33238 | C130: =B130/B118-1 -> 0.13176838 | D130: =B130/B70-1 -> 0.32075547 | E130: =国航自动更新!C250 -> 23627.7 | F130: =E130/E118-1 -> -0.00047802361 | G130: =E130/E70-1 -> 0.62169007 | H130: =国航自动更新!D250 -> 8658.1 | I130: =H130/H118-1 -> 0.73676081 | J130: =H130/H70-1 -> -0.098462051 | K130: =国航自动更新!E250 -> 952.2 | L130: =K130/K118-1 -> 0.27983871 | M130: =K130/K70-1 -> -0.040604534 | N130: =国航自动更新!F250 -> 26653.1 | O130: =N130/N118-1 -> 0.20407758 | P130: =N130/N70-1 -> 0.30534714 | Q130: =国航自动更新!G250 -> 19171 | R130: =Q130/Q118-1 -> 0.06810559 | S130: =Q130/Q70-1 -> 0.58389583 | T130: =国航自动更新!H250 -> 6767.9 | U130: =T130/T118-1 -> 0.86505181 | V130: =T130/T70-1 -> -0.10010903 | W130: =国航自动更新!I250 -> 714.2 | X130: =W130/W118-1 -> 0.27924055 | Y130: =W130/W70-1 -> -0.10027715 | Z130: =国航自动更新!J250 -> 14508.5 | AA130: =Z130/Z118-1 -> 0.13376 | AB130: =Z130/Z70-1 -> 0.44345949 | AC130: =国航自动更新!K250 -> 12529.5 | AD130: =AC130/AC118-1 -> 0.07168517 | AE130: =AC130/AC70-1 -> 0.54830458 | AF130: =国航自动更新!L250 -> 1528.4 | AG130: =AF130/AF118-1 -> 1.0262495 | AH130: =AF130/AF70-1 -> 0.060873187 | AI130: =国航自动更新!M250 -> 450.6 | AJ130: =AI130/AI118-1 -> 0.28339504 | AK130: =AI130/AI70-1 -> -0.13028373 | AL130: =国航自动更新!N250 -> 80.2 | AM130: =AL130-AL118 -> 4.8 | AN130: =AL130-AL70 -> -0.9 | AO130: =国航自动更新!O250 -> 81.1 | AP130: =AO130-AO118 -> 5.2 | AQ130: =AO130-AO70 -> -2 | AR130: =国航自动更新!P250 -> 78.2 | AS130: =AR130-AR118 -> 5.4 | AT130: =AR130-AR70 -> -0.1 | AU130: =国航自动更新!Q250 -> 75 | AV130: =AU130-AU118 -> 0 | AW130: =AU130-AU70 -> -5 | AX130: =国航自动更新!R250 -> 917 | AY130: =AX130/AX118-1 -> 0.015503876 | AZ130: =AX130/AX70-1 -> 0.35051546
A131: 45505 | B131: =国航自动更新!B251 -> 33650.8 | C131: =B131/B119-1 -> 0.12412519 | D131: =B131/B71-1 -> 0.3366328 | E131: =国航自动更新!C251 -> 23813.6 | F131: =E131/E119-1 -> -0.0054585016 | G131: =E131/E71-1 -> 0.62346268 | H131: =国航自动更新!D251 -> 8868.4 | I131: =H131/H119-1 -> 0.69467428 | J131: =H131/H71-1 -> -0.074289412 | K131: =国航自动更新!E251 -> 968.8 | L131: =K131/K119-1 -> 0.27860631 | M131: =K131/K71-1 -> 0.044753586 | N131: =国航自动更新!F251 -> 27904.1 | O131: =N131/N119-1 -> 0.21671848 | P131: =N131/N71-1 -> 0.31024849 | Q131: =国航自动更新!G251 -> 20067.2 | R131: =Q131/Q119-1 -> 0.090614623 | S131: =Q131/Q71-1 -> 0.5881352 | T131: =国航自动更新!H251 -> 7080.4 | U131: =T131/T119-1 -> 0.79714706 | V131: =T131/T71-1 -> -0.10875585 | W131: =国航自动更新!I251 -> 756.4 | X131: =W131/W119-1 -> 0.27318633 | Y131: =W131/W71-1 -> 0.055392772 | Z131: =国航自动更新!J251 -> 15252 | AA131: =Z131/Z119-1 -> 0.14909102 | AB131: =Z131/Z71-1 -> 0.45534351 | AC131: =国航自动更新!K251 -> 13148.6 | AD131: =AC131/AC119-1 -> 0.090364793 | AE131: =AC131/AC71-1 -> 0.55167693 | AF131: =国航自动更新!L251 -> 1624.1 | AG131: =AF131/AF119-1 -> 0.94549593 | AH131: =AF131/AF71-1 -> 0.061225823 | AI131: =国航自动更新!M251 -> 479.3 | AJ131: =AI131/AI119-1 -> 0.2629776 | AK131: =AI131/AI71-1 -> 0.0075677948 | AL131: =国航自动更新!N251 -> 82.9 | AM131: =AL131-AL119 -> 6.3 | AN131: =AL131-AL71 -> -1.7 | AO131: =国航自动更新!O251 -> 84.3 | AP131: =AO131-AO119 -> 7.5 | AQ131: =AO131-AO71 -> -1.8 | AR131: =国航自动更新!P251 -> 79.8 | AS131: =AR131-AR119 -> 4.5 | AT131: =AR131-AR71 -> -3.1 | AU131: =国航自动更新!Q251 -> 78.1 | AV131: =AU131-AU119 -> -0.3 | AW131: =AU131-AU71 -> 0.8 | AX131: =国航自动更新!R251 -> 921 | AY131: =AX131/AX119-1 -> 0.022197558 | AZ131: =AX131/AX71-1 -> 0.35840708
A132: 45536 | B132: =国航自动更新!B252 -> 29470 | C132: =B132/B120-1 -> 0.11776129 | D132: =B132/B72-1 -> 0.24437351 | E132: =国航自动更新!C252 -> 20356.3 | F132: =E132/E120-1 -> -0.00092269486 | G132: =E132/E72-1 -> 0.45459288 | H132: =国航自动更新!D252 -> 8309.6 | I132: =H132/H120-1 -> 0.5543584 | J132: =H132/H72-1 -> -0.065654692 | K132: =国航自动更新!E252 -> 804.1 | L132: =K132/K120-1 -> 0.24821484 | M132: =K132/K72-1 -> 0.011955701 | N132: =国航自动更新!F252 -> 23476.1 | O132: =N132/N120-1 -> 0.2001728 | P132: =N132/N72-1 -> 0.23022947 | Q132: =国航自动更新!G252 -> 16633.1 | R132: =Q132/Q120-1 -> 0.085258117 | S132: =Q132/Q72-1 -> 0.45315476 | T132: =国航自动更新!H252 -> 6292.9 | U132: =T132/T120-1 -> 0.6536329 | V132: =T132/T72-1 -> -0.11261369 | W132: =国航自动更新!I252 -> 550.1 | X132: =W132/W120-1 -> 0.28288246 | Y132: =W132/W72-1 -> 0.0093577982 | Z132: =国航自动更新!J252 -> 12616.1 | AA132: =Z132/Z120-1 -> 0.14876665 | AB132: =Z132/Z72-1 -> 0.34193843 | AC132: =国航自动更新!K252 -> 10909.2 | AD132: =AC132/AC120-1 -> 0.098422224 | AE132: =AC132/AC72-1 -> 0.41880609 | AF132: =国航自动更新!L252 -> 1361 | AG132: =AF132/AF120-1 -> 0.73752075 | AH132: =AF132/AF72-1 -> 0.0015453676 | AI132: =国航自动更新!M252 -> 345.9 | AJ132: =AI132/AI120-1 -> 0.29405163 | AK132: =AI132/AI72-1 -> -0.021499293 | AL132: =国航自动更新!N252 -> 79.7 | AM132: =AL132-AL120 -> 5.5 | AN132: =AL132-AL72 -> -0.9 | AO132: =国航自动更新!O252 -> 81.7 | AP132: =AO132-AO120 -> 6.5 | AQ132: =AO132-AO72 -> -0.1 | AR132: =国航自动更新!P252 -> 75.7 | AS132: =AR132-AR120 -> 4.5 | AT132: =AR132-AR72 -> -4 | AU132: =国航自动更新!Q252 -> 68.4 | AV132: =AU132-AU120 -> 1.8 | AW132: =AU132-AU72 -> -0.2 | AX132: =国航自动更新!R252 -> 924 | AY132: =AX132/AX120-1 -> 0.027808676 | AZ132: =AX132/AX72-1 -> 0.35882353
A133: 45566 | B133: =国航自动更新!B253 -> 30706.1 | C133: =B133/B121-1 -> 0.14456273 | D133: =B133/B73-1 -> 0.27404331 | E133: =国航自动更新!C253 -> 21260.8 | F133: =E133/E121-1 -> 0.030032605 | G133: =E133/E73-1 -> 0.48527357 | H133: =国航自动更新!D253 -> 8554.6 | I133: =H133/H121-1 -> 0.55464689 | J133: =H133/H73-1 -> -0.042981161 | K133: =国航自动更新!E253 -> 890.8 | L133: =K133/K121-1 -> 0.30195849 | M133: =K133/K73-1 -> 0.050224004 | N133: =国航自动更新!F253 -> 25133.9 | O133: =N133/N121-1 -> 0.22104655 | P133: =N133/N73-1 -> 0.27721992 | Q133: =国航自动更新!G253 -> 18142.8 | R133: =Q133/Q121-1 -> 0.11487458 | S133: =Q133/Q73-1 -> 0.50222318 | T133: =国航自动更新!H253 -> 6358.4 | U133: =T133/T121-1 -> 0.65385216 | V133: =T133/T73-1 -> -0.09310817 | W133: =国航自动更新!I253 -> 632.7 | X133: =W133/W121-1 -> 0.35801674 | Y133: =W133/W73-1 -> 0.072191154 | Z133: =国航自动更新!J253 -> 13835.6 | AA133: =Z133/Z121-1 -> 0.18091499 | AB133: =Z133/Z73-1 -> 0.40971012 | AC133: =国航自动更新!K253 -> 12035.3 | AD133: =AC133/AC121-1 -> 0.13470985 | AE133: =AC133/AC73-1 -> 0.48911188 | AF133: =国航自动更新!L253 -> 1403.4 | AG133: =AF133/AF121-1 -> 0.72450233 | AH133: =AF133/AF73-1 -> 0.034116867 | AI133: =国航自动更新!M253 -> 396.9 | AJ133: =AI133/AI121-1 -> 0.34269283 | AK133: =AI133/AI73-1 -> 0.057835821 | AL133: =国航自动更新!N253 -> 81.9 | AM133: =AL133-AL121 -> 5.2 | AN133: =AL133-AL73 -> 0.3 | AO133: =国航自动更新!O253 -> 85.3 | AP133: =AO133-AO121 -> 6.5 | AQ133: =AO133-AO73 -> 0.9 | AR133: =国航自动更新!P253 -> 74.3 | AS133: =AR133-AR121 -> 4.4 | AT133: =AR133-AR73 -> -4.1 | AU133: =国航自动更新!Q253 -> 71 | AV133: =AU133-AU121 -> 2.9 | AW133: =AU133-AU73 -> 1.4 | AX133: =国航自动更新!R253 -> 925 | AY133: =AX133/AX121-1 -> 0.028921023 | AZ133: =AX133/AX73-1 -> 0.36029412
A134: 45597 | B134: =国航自动更新!B254 -> 28265.9 | C134: =B134/B122-1 -> 0.12931245 | D134: =B134/B74-1 -> 0.20491671 | E134: =国航自动更新!C254 -> 19152.9 | F134: =E134/E122-1 -> 0.031767152 | G134: =E134/E74-1 -> 0.36746846 | H134: =国航自动更新!D254 -> 8248.1 | I134: =H134/H122-1 -> 0.43715152 | J134: =H134/H74-1 -> -0.0502067 | K134: =国航自动更新!E254 -> 864.9 | L134: =K134/K122-1 -> 0.1898473 | M134: =K134/K74-1 -> 0.12514635 | N134: =国航自动更新!F254 -> 22424.8 | O134: =N134/N122-1 -> 0.22045041 | P134: =N134/N74-1 -> 0.20213142 | Q134: =国航自动更新!G254 -> 15646.6 | R134: =Q134/Q122-1 -> 0.10785723 | S134: =Q134/Q74-1 -> 0.37927204 | T134: =国航自动更新!H254 -> 6153.2 | U134: =T134/T122-1 -> 0.63210525 | V134: =T134/T74-1 -> -0.088900734 | W134: =国航自动更新!I254 -> 625.1 | X134: =W134/W122-1 -> 0.29985444 | Y134: =W134/W74-1 -> 0.12327044 | Z134: =国航自动更新!J254 -> 12172.6 | AA134: =Z134/Z122-1 -> 0.17480263 | AB134: =Z134/Z74-1 -> 0.308741 | AC134: =国航自动更新!K254 -> 10409.9 | AD134: =AC134/AC122-1 -> 0.12437354 | AE134: =AC134/AC74-1 -> 0.37355518 | AF134: =国航自动更新!L254 -> 1366 | AG134: =AF134/AF122-1 -> 0.7004855 | AH134: =AF134/AF74-1 -> -0.0016079521 | AI134: =国航自动更新!M254 -> 396.7 | AJ134: =AI134/AI122-1 -> 0.32365699 | AK134: =AI134/AI74-1 -> 0.12093812 | AL134: =国航自动更新!N254 -> 79.3 | AM134: =AL134-AL122 -> 5.9 | AN134: =AL134-AL74 -> -0.2 | AO134: =国航自动更新!O254 -> 81.7 | AP134: =AO134-AO122 -> 5.6 | AQ134: =AO134-AO74 -> 0.7 | AR134: =国航自动更新!P254 -> 74.6 | AS134: =AR134-AR122 -> 8.9 | AT134: =AR134-AR74 -> -3.2 | AU134: =国航自动更新!Q254 -> 72.3 | AV134: =AU134-AU122 -> 6.1 | AW134: =AU134-AU74 -> -0.1 | AX134: =国航自动更新!R254 -> 927 | AY134: =AX134/AX122-1 -> 0.03 | AZ134: =AX134/AX74-1 -> 0.35131195
A135: 45627 | B135: =国航自动更新!B255 -> 28991.1 | C135: =B135/B123-1 -> 0.10701221 | D135: =B135/B75-1 -> 0.18691941 | E135: =国航自动更新!C255 -> 19185.1 | F135: =E135/E123-1 -> 0.026775775 | G135: =E135/E75-1 -> 0.32449878 | H135: =国航自动更新!D255 -> 8894.2 | I135: =H135/H123-1 -> 0.330312 | J135: =H135/H75-1 -> -0.026157603 | K135: =国航自动更新!E255 -> 911.8 | L135: =K135/K123-1 -> 0.11453368 | M135: =K135/K75-1 -> 0.12902427 | N135: =国航自动更新!F255 -> 22526.9 | O135: =N135/N123-1 -> 0.14066606 | P135: =N135/N75-1 -> 0.16849859 | Q135: =国航自动更新!G255 -> 15257.2 | R135: =Q135/Q123-1 -> 0.050424102 | S135: =Q135/Q75-1 -> 0.32398448 | T135: =国航自动更新!H255 -> 6620.5 | U135: =T135/T123-1 -> 0.41891168 | V135: =T135/T75-1 -> -0.075452463 | W135: =国航自动更新!I255 -> 649.2 | X135: =W135/W123-1 -> 0.1632324 | Y135: =W135/W75-1 -> 0.092929293 | Z135: =国航自动更新!J255 -> 11967.2 | AA135: =Z135/Z123-1 -> 0.11008868 | AB135: =Z135/Z75-1 -> 0.2608998 | AC135: =国航自动更新!K255 -> 10063.2 | AD135: =AC135/AC123-1 -> 0.066740163 | AE135: =AC135/AC75-1 -> 0.31550257 | AF135: =国航自动更新!L255 -> 1494.2 | AG135: =AF135/AF123-1 -> 0.49330402 | AH135: =AF135/AF75-1 -> 0.022584177 | AI135: =国航自动更新!M255 -> 409.8 | AJ135: =AI135/AI123-1 -> 0.18405085 | AK135: =AI135/AI75-1 -> 0.078137332 | AL135: =国航自动更新!N255 -> 77.7 | AM135: =AL135-AL123 -> 2.3 | AN135: =AL135-AL75 -> -1.2 | AO135: =国航自动更新!O255 -> 79.5 | AP135: =AO135-AO123 -> 1.8 | AQ135: =AO135-AO75 -> -0.1 | AR135: =国航自动更新!P255 -> 74.4 | AS135: =AR135-AR123 -> 4.6 | AT135: =AR135-AR75 -> -4 | AU135: =国航自动更新!Q255 -> 71.2 | AV135: =AU135-AU123 -> 3 | AW135: =AU135-AU75 -> -2.3 | AX135: =国航自动更新!R255 -> 930 | AY135: =AX135/AX123-1 -> 0.027624309 | AZ135: =AX135/AX75-1 -> 0.33237822
A136: 45658 | B136: =国航自动更新!B256 -> 31387.4 | C136: =B136/B124-1 -> 0.10005783 | D136: =B136/B64-1 -> 0.32499462 | E136: =国航自动更新!C256 -> 21303.2 | F136: =E136/E124-1 -> 0.027046311 | G136: =E136/E64-1 -> 0.54799518 | H136: =国航自动更新!D256 -> 9169.6 | I136: =H136/H124-1 -> 0.31830468 | J136: =H136/H64-1 -> 0.018097839 | K136: =国航自动更新!E256 -> 914.6 | L136: =K136/K124-1 -> 0.095723014 | M136: =K136/K64-1 -> -0.006301608 | N136: =国航自动更新!F256 -> 24814.4 | O136: =N136/N124-1 -> 0.12087594 | P136: =N136/N64-1 -> 0.31080895 | Q136: =国航自动更新!G256 -> 17074.5 | R136: =Q136/Q124-1 -> 0.039733285 | S136: =Q136/Q64-1 -> 0.55782127 | T136: =国航自动更新!H256 -> 7080.9 | U136: =T136/T124-1 -> 0.37910954 | V136: =T136/T64-1 -> -0.018763078 | W136: =国航自动更新!I256 -> 659.1 | X136: =W136/W124-1 -> 0.13247423 | Y136: =W136/W64-1 -> -0.12551413 | Z136: =国航自动更新!J256 -> 13118.6 | AA136: =Z136/Z124-1 -> 0.08460311 | AB136: =Z136/Z64-1 -> 0.432709 | AC136: =国航自动更新!K256 -> 11087.4 | AD136: =AC136/AC124-1 -> 0.041500714 | AE136: =AC136/AC64-1 -> 0.53060548 | AF136: =国航自动更新!L256 -> 1618.2 | AG136: =AF136/AF124-1 -> 0.48281866 | AH136: =AF136/AF64-1 -> 0.12289224 | AI136: =国航自动更新!M256 -> 412.9 | AJ136: =AI136/AI124-1 -> 0.15174338 | AK136: =AI136/AI64-1 -> -0.12446989 | AL136: =国航自动更新!N256 -> 79.1 | AM136: =AL136-AL124 -> 1.5 | AN136: =AL136-AL64 -> -0.8 | AO136: =国航自动更新!O256 -> 80.1 | AP136: =AO136-AO124 -> 0.9 | AQ136: =AO136-AO64 -> 0.5 | AR136: =国航自动更新!P256 -> 77.2 | AS136: =AR136-AR124 -> 3.4 | AT136: =AR136-AR64 -> -2.9 | AU136: =国航自动更新!Q256 -> 72.1 | AV136: =AU136-AU124 -> 2.4 | AW136: =AU136-AU64 -> -9.8 | AX136: =国航自动更新!R256 -> 934 | AY136: =AX136/AX124-1 -> 0.028634361 | AZ136: =AX136/AX64-1 -> 0.39195231
A137: 45689 | B137: =国航自动更新!B257 -> 28336.2 | C137: =B137/B125-1 -> -0.024094394 | D137: =B137/B65-1 -> 0.27297068 | E137: =国航自动更新!C257 -> 19805.9 | F137: =E137/E125-1 -> -0.082108297 | G137: =E137/E65-1 -> 0.49460443 | H137: =国航自动更新!D257 -> 7781.7 | I137: =H137/H125-1 -> 0.17146642 | J137: =H137/H65-1 -> -0.039948183 | K137: =国航自动更新!E257 -> 748.5 | L137: =K137/K125-1 -> -0.082158185 | M137: =K137/K65-1 -> -0.17091272 | N137: =国航自动更新!F257 -> 23252.3 | O137: =N137/N125-1 -> -0.029605579 | P137: =N137/N65-1 -> 0.24339861 | Q137: =国航自动更新!G257 -> 16768.8 | R137: =Q137/Q125-1 -> -0.07065109 | S137: =Q137/Q65-1 -> 0.46955516 | T137: =国航自动更新!H257 -> 5941.6 | U137: =T137/T125-1 -> 0.12063372 | V137: =T137/T65-1 -> -0.092234122 | W137: =国航自动更新!I257 -> 542 | X137: =W137/W125-1 -> -0.12027268 | Y137: =W137/W65-1 -> -0.27199463 | Z137: =国航自动更新!J257 -> 12567.3 | AA137: =Z137/Z125-1 -> -0.051817928 | AB137: =Z137/Z65-1 -> 0.33904084 | AC137: =国航自动更新!K257 -> 10855.4 | AD137: =AC137/AC125-1 -> -0.071648479 | AE137: =AC137/AC65-1 -> 0.43753476 | AF137: =国航自动更新!L257 -> 1362.8 | AG137: =AF137/AF125-1 -> 0.1573673 | AH137: =AF137/AF65-1 -> 0.0037563527 | AI137: =国航自动更新!M257 -> 349.1 | AJ137: =AI137/AI125-1 -> -0.089462702 | AK137: =AI137/AI65-1 -> -0.26675068 | AL137: =国航自动更新!N257 -> 82.1 | AM137: =AL137-AL125 -> -0.4 | AN137: =AL137-AL65 -> -1.9 | AO137: =国航自动更新!O257 -> 84.7 | AP137: =AO137-AO125 -> 1.1 | AQ137: =AO137-AO65 -> -1.4 | AR137: =国航自动更新!P257 -> 76.4 | AS137: =AR137-AR125 -> -3.4 | AT137: =AR137-AR65 -> -4.4 | AU137: =国航自动更新!Q257 -> 72.4 | AV137: =AU137-AU125 -> -3.1 | AW137: =AU137-AU65 -> -10.1 | AX137: =国航自动更新!R257 -> 934 | AY137: =AX137/AX125-1 -> 0.028634361 | AZ137: =AX137/AX65-1 -> 0.38781575
A138: 45717 | B138: =国航自动更新!B258 -> 28736.2 | C138: =B138/B126-1 -> 0.0043162652 | D138: =B138/B66-1 -> 0.21274863 | E138: =国航自动更新!C258 -> 19679.2 | F138: =E138/E126-1 -> -0.049033773 | G138: =E138/E66-1 -> 0.43458451 | H138: =国航自动更新!D258 -> 8252.5 | I138: =H138/H126-1 -> 0.15702769 | J138: =H138/H66-1 -> -0.090031977 | K138: =国航自动更新!E258 -> 804.5 | L138: =K138/K126-1 -> 0.023146382 | M138: =K138/K66-1 -> -0.11437693 | N138: =国航自动更新!F258 -> 22904.5 | O138: =N138/N126-1 -> 0.020199546 | P138: =N138/N66-1 -> 0.19809702 | Q138: =国航自动更新!G258 -> 16084.5 | R138: =Q138/Q126-1 -> -0.012693892 | S138: =Q138/Q66-1 -> 0.43128548 | T138: =国航自动更新!H258 -> 6241.3 | U138: =T138/T126-1 -> 0.11306689 | V138: =T138/T66-1 -> -0.12589283 | W138: =国航自动更新!I258 -> 578.7 | X138: =W138/W126-1 -> 0.047610427 | Y138: =W138/W66-1 -> -0.21733838 | Z138: =国航自动更新!J258 -> 12429.3 | AA138: =Z138/Z126-1 -> 0.0049157133 | AB138: =Z138/Z66-1 -> 0.31131508 | AC138: =国航自动更新!K258 -> 10634.9 | AD138: =AC138/AC126-1 -> -0.012213925 | AE138: =AC138/AC66-1 -> 0.41158747 | AF138: =国航自动更新!L258 -> 1418.2 | AG138: =AF138/AF126-1 -> 0.12725539 | AH138: =AF138/AF66-1 -> -0.038703992 | AI138: =国航自动更新!M258 -> 376.2 | AJ138: =AI138/AI126-1 -> 0.093604651 | AK138: =AI138/AI66-1 -> -0.19820972 | AL138: =国航自动更新!N258 -> 79.7 | AM138: =AL138-AL126 -> 1.2 | AN138: =AL138-AL66 -> -1 | AO138: =国航自动更新!O258 -> 81.7 | AP138: =AO138-AO126 -> 3 | AQ138: =AO138-AO66 -> -0.2 | AR138: =国航自动更新!P258 -> 75.6 | AS138: =AR138-AR126 -> -3 | AT138: =AR138-AR66 -> -3.1 | AU138: =国航自动更新!Q258 -> 71.9 | AV138: =AU138-AU126 -> 1.6 | AW138: =AU138-AU66 -> -9.5 | AX138: =国航自动更新!R258 -> 934 | AY138: =AX138/AX126-1 -> 0.025246981 | AZ138: =AX138/AX66-1 -> 0.3816568
A139: 45748 | B139: =国航自动更新!B259 -> 29214 | C139: =B139/B127-1 -> 0.053352708 | D139: =B139/B67-1 -> 0.23038435 | E139: =国航自动更新!C259 -> 19664.4 | F139: =E139/E127-1 -> 0.011740978 | G139: =E139/E67-1 -> 0.48069726 | H139: =国航自动更新!D259 -> 8710.3 | I139: =H139/H127-1 -> 0.17155808 | J139: =H139/H67-1 -> -0.082102135 | K139: =国航自动更新!E259 -> 839.3 | L139: =K139/K127-1 -> -0.027912902 | M139: =K139/K67-1 -> -0.13820721 | N139: =国航自动更新!F259 -> 23737.6 | O139: =N139/N127-1 -> 0.086145441 | P139: =N139/N67-1 -> 0.23473846 | Q139: =国航自动更新!G259 -> 16471.8 | R139: =Q139/Q127-1 -> 0.064723183 | S139: =Q139/Q67-1 -> 0.50272322 | T139: =国航自动更新!H259 -> 6640.3 | U139: =T139/T127-1 -> 0.15565882 | V139: =T139/T67-1 -> -0.11142781 | W139: =国航自动更新!I259 -> 625.5 | X139: =W139/W127-1 -> -0.020360219 | Y139: =W139/W67-1 -> -0.20872865 | Z139: =国航自动更新!J259 -> 12821.3 | AA139: =Z139/Z127-1 -> 0.067587597 | AB139: =Z139/Z67-1 -> 0.37124737 | AC139: =国航自动更新!K259 -> 10907.5 | AD139: =AC139/AC127-1 -> 0.061278302 | AE139: =AC139/AC67-1 -> 0.47964513 | AF139: =国航自动更新!L259 -> 1510.6 | AG139: =AF139/AF127-1 -> 0.13527732 | AH139: =AF139/AF67-1 -> 0.022748815 | AI139: =国航自动更新!M259 -> 403.2 | AJ139: =AI139/AI127-1 -> 0.0047346125 | AK139: =AI139/AI67-1 -> -0.19585162 | AL139: =国航自动更新!N259 -> 81.3 | AM139: =AL139-AL127 -> 2.5 | AN139: =AL139-AL67 -> 0.3 | AO139: =国航自动更新!O259 -> 83.8 | AP139: =AO139-AO127 -> 4.2 | AQ139: =AO139-AO67 -> 1.3 | AR139: =国航自动更新!P259 -> 76.2 | AS139: =AR139-AR127 -> -1.1 | AT139: =AR139-AR67 -> -2.6 | AU139: =国航自动更新!Q259 -> 74.5 | AV139: =AU139-AU127 -> 0.5 | AW139: =AU139-AU67 -> -6.7 | AX139: =国航自动更新!R259 -> 934 | AY139: =AX139/AX127-1 -> 0.021881838 | AZ139: =AX139/AX67-1 -> 0.38988095
A140: 45778 | B140: =国航自动更新!B260 -> 30448.4 | C140: =B140/B128-1 -> 0.044681793 | D140: =B140/B68-1 -> 0.25737222 | E140: =国航自动更新!C260 -> 20789.2 | F140: =E140/E128-1 -> 0.024376062 | G140: =E140/E68-1 -> 0.51482825 | H140: =国航自动更新!D260 -> 8806.9 | I140: =H140/H128-1 -> 0.10407813 | J140: =H140/H68-1 -> -0.073582008 | K140: =国航自动更新!E260 -> 852.2 | L140: =K140/K128-1 -> -0.025945822 | M140: =K140/K68-1 -> -0.13534903 | N140: =国航自动更新!F260 -> 24743.9 | O140: =N140/N128-1 -> 0.083889648 | P140: =N140/N68-1 -> 0.27546534 | Q140: =国航自动更新!G260 -> 17425.5 | R140: =Q140/Q128-1 -> 0.060029078 | S140: =Q140/Q68-1 -> 0.55871514 | T140: =国航自动更新!H260 -> 6708.7 | U140: =T140/T128-1 -> 0.1603134 | V140: =T140/T68-1 -> -0.09831725 | W140: =国航自动更新!I260 -> 609.8 | X140: =W140/W128-1 -> 0.0026307136 | Y140: =W140/W68-1 -> -0.21860584 | Z140: =国航自动更新!J260 -> 13399.1 | AA140: =Z140/Z128-1 -> 0.055837043 | AB140: =Z140/Z68-1 -> 0.41127835 | AC140: =国航自动更新!K260 -> 11492.4 | AD140: =AC140/AC128-1 -> 0.045885586 | AE140: =AC140/AC68-1 -> 0.51762935 | AF140: =国航自动更新!L260 -> 1516.2 | AG140: =AF140/AF128-1 -> 0.14846235 | AH140: =AF140/AF68-1 -> 0.062881178 | AI140: =国航自动更新!M260 -> 390.5 | AJ140: =AI140/AI128-1 -> 0.021983774 | AK140: =AI140/AI68-1 -> -0.21142973 | AL140: =国航自动更新!N260 -> 81.3 | AM140: =AL140-AL128 -> 3 | AN140: =AL140-AL68 -> 1.2 | AO140: =国航自动更新!O260 -> 83.8 | AP140: =AO140-AO128 -> 2.8 | AQ140: =AO140-AO68 -> 2.3 | AR140: =国航自动更新!P260 -> 76.2 | AS140: =AR140-AR128 -> 3.7 | AT140: =AR140-AR68 -> -2.1 | AU140: =国航自动更新!Q260 -> 71.6 | AV140: =AU140-AU128 -> 2.1 | AW140: =AU140-AU68 -> -7.6 | AX140: =国航自动更新!R260 -> 936 | AY140: =AX140/AX128-1 -> 0.02295082 | AZ140: =AX140/AX68-1 -> 0.38666667
A141: 45809 | B141: =国航自动更新!B261 -> 29454.1 | C141: =B141/B129-1 -> 0.025221462 | D141: =B141/B69-1 -> 0.25606516 | E141: =国航自动更新!C261 -> 19890.6 | F141: =E141/E129-1 -> -0.0020320002 | G141: =E141/E69-1 -> 0.5061676 | H141: =国航自动更新!D261 -> 8724.7 | I141: =H141/H129-1 -> 0.098787199 | J141: =H141/H69-1 -> -0.06030416 | K141: =国航自动更新!E261 -> 838.8 | L141: =K141/K129-1 -> -0.022377622 | M141: =K141/K69-1 -> -0.12515645 | N141: =国航自动更新!F261 -> 23883.9 | O141: =N141/N129-1 -> 0.039393003 | P141: =N141/N69-1 -> 0.26440086 | Q141: =国航自动更新!G261 -> 16524.2 | R141: =Q141/Q129-1 -> 0.013748382 | S141: =Q141/Q69-1 -> 0.52402121 | T141: =国航自动更新!H261 -> 6725 | U141: =T141/T129-1 -> 0.11090921 | V141: =T141/T69-1 -> -0.077136309 | W141: =国航自动更新!I261 -> 634.7 | X141: =W141/W129-1 -> 0.01552 | Y141: =W141/W69-1 -> -0.16475852 | Z141: =国航自动更新!J261 -> 12778.8 | AA141: =Z141/Z129-1 -> 0.018929306 | AB141: =Z141/Z69-1 -> 0.39014838 | AC141: =国航自动更新!K261 -> 10858.1 | AD141: =AC141/AC129-1 -> 0.0063113994 | AE141: =AC141/AC69-1 -> 0.48326594 | AF141: =国航自动更新!L261 -> 1513.3 | AG141: =AF141/AF129-1 -> 0.11403121 | AH141: =AF141/AF69-1 -> 0.094215474 | AI141: =国航自动更新!M261 -> 407.4 | AJ141: =AI141/AI129-1 -> 0.036377512 | AK141: =AI141/AI69-1 -> -0.16687117 | AL141: =国航自动更新!N261 -> 81.1 | AM141: =AL141-AL129 -> 1.1 | AN141: =AL141-AL69 -> 0.5 | AO141: =国航自动更新!O261 -> 83.1 | AP141: =AO141-AO129 -> 1.3 | AQ141: =AO141-AO69 -> 1 | AR141: =国航自动更新!P261 -> 77.1 | AS141: =AR141-AR129 -> 0.9 | AT141: =AR141-AR69 -> -1.4 | AU141: =国航自动更新!Q261 -> 75.7 | AV141: =AU141-AU129 -> 2.9 | AW141: =AU141-AU69 -> -3.6 | AX141: =国航自动更新!R261 -> 934 | AY141: =AX141/AX129-1 -> 0.020765027 | AZ141: =AX141/AX69-1 -> 0.3816568
A142: 45839 | B142: =国航自动更新!B262 -> 34005.3 | C142: =B142/B130-1 -> 0.023085023 | D142: =B142/B70-1 -> 0.35124514 | E142: =国航自动更新!C262 -> 23544.3 | F142: =E142/E130-1 -> -0.0035297553 | G142: =E142/E70-1 -> 0.6159659 | H142: =国航自动更新!D262 -> 9545.7 | I142: =H142/H130-1 -> 0.10251672 | J142: =H142/H70-1 -> -0.006039339 | K142: =国航自动更新!E262 -> 915.3 | L142: =K142/K130-1 -> -0.038752363 | M142: =K142/K70-1 -> -0.077783375 | N142: =国航自动更新!F262 -> 27255.2 | O142: =N142/N130-1 -> 0.022590243 | P142: =N142/N70-1 -> 0.33483525 | Q142: =国航自动更新!G262 -> 19141.2 | R142: =Q142/Q130-1 -> -0.0015544312 | S142: =Q142/Q70-1 -> 0.58143378 | T142: =国航自动更新!H262 -> 7424.2 | U142: =T142/T130-1 -> 0.096972473 | V142: =T142/T70-1 -> -0.012844378 | W142: =国航自动更新!I262 -> 689.7 | X142: =W142/W130-1 -> -0.034304116 | Y142: =W142/W70-1 -> -0.13114135 | Z142: =国航自动更新!J262 -> 14456.7 | AA142: =Z142/Z130-1 -> -0.0035703208 | AB142: =Z142/Z70-1 -> 0.43830587 | AC142: =国航自动更新!K262 -> 12369.3 | AD142: =AC142/AC130-1 -> -0.012785825 | AE142: =AC142/AC70-1 -> 0.52850823 | AF142: =国航自动更新!L262 -> 1646.8 | AG142: =AF142/AF130-1 -> 0.077466632 | AH142: =AF142/AF70-1 -> 0.14305546 | AI142: =国航自动更新!M262 -> 440.6 | AJ142: =AI142/AI130-1 -> -0.022192632 | AK142: =AI142/AI70-1 -> -0.14958502 | AL142: =国航自动更新!N262 -> 80.1 | AM142: =AL142-AL130 -> -0.1 | AN142: =AL142-AL70 -> -1 | AO142: =国航自动更新!O262 -> 81.3 | AP142: =AO142-AO130 -> 0.2 | AQ142: =AO142-AO70 -> -1.8 | AR142: =国航自动更新!P262 -> 77.8 | AS142: =AR142-AR130 -> -0.4 | AT142: =AR142-AR70 -> -0.5 | AU142: =国航自动更新!Q262 -> 75.4 | AV142: =AU142-AU130 -> 0.4 | AW142: =AU142-AU70 -> -4.6 | AX142: =国航自动更新!R262 -> 935 | AY142: =AX142/AX130-1 -> 0.019629226 | AZ142: =AX142/AX70-1 -> 0.37702504
A143: 45870 | B143: =国航自动更新!B263 -> 34419 | C143: =B143/B131-1 -> 0.022828581 | D143: =B143/B71-1 -> 0.36714623 | E143: =国航自动更新!C263 -> 23519.9 | F143: =E143/E131-1 -> -0.012333289 | G143: =E143/E71-1 -> 0.60344005 | H143: =国航自动更新!D263 -> 9985.4 | I143: =H143/H131-1 -> 0.12595282 | J143: =H143/H71-1 -> 0.042306448 | K143: =国航自动更新!E263 -> 913.7 | L143: =K143/K131-1 -> -0.056874484 | M143: =K143/K71-1 -> -0.014666235 | N143: =国航自动更新!F263 -> 28805.1 | O143: =N143/N131-1 -> 0.032289162 | P143: =N143/N71-1 -> 0.35255531 | Q143: =国航自动更新!G263 -> 20070.5 | R143: =Q143/Q131-1 -> 0.00016444746 | S143: =Q143/Q71-1 -> 0.58839637 | T143: =国航自动更新!H263 -> 7994.5 | U143: =T143/T131-1 -> 0.12910288 | V143: =T143/T71-1 -> 0.006306329 | W143: =国航自动更新!I263 -> 740 | X143: =W143/W131-1 -> -0.02168165 | Y143: =W143/W71-1 -> 0.032510116 | Z143: =国航自动更新!J263 -> 15216 | AA143: =Z143/Z131-1 -> -0.0023603462 | AB143: =Z143/Z71-1 -> 0.4519084 | AC143: =国航自动更新!K263 -> 12960.1 | AD143: =AC143/AC131-1 -> -0.014336127 | AE143: =AC143/AC71-1 -> 0.5294319 | AF143: =国航自动更新!L263 -> 1783.7 | AG143: =AF143/AF131-1 -> 0.098269811 | AH143: =AF143/AF71-1 -> 0.16551228 | AI143: =国航自动更新!M263 -> 472.2 | AJ143: =AI143/AI131-1 -> -0.014813269 | AK143: =AI143/AI71-1 -> -0.0073575783 | AL143: =国航自动更新!N263 -> 83.7 | AM143: =AL143-AL131 -> 0.8 | AN143: =AL143-AL71 -> -0.9 | AO143: =国航自动更新!O263 -> 85.3 | AP143: =AO143-AO131 -> 1 | AQ143: =AO143-AO71 -> -0.8 | AR143: =国航自动更新!P263 -> 80.1 | AS143: =AR143-AR131 -> 0.3 | AT143: =AR143-AR71 -> -2.8 | AU143: =国航自动更新!Q263 -> 81 | AV143: =AU143-AU131 -> 2.9 | AW143: =AU143-AU71 -> 3.7 | AX143: =国航自动更新!R263 -> 941 | AY143: =AX143/AX131-1 -> 0.021715527 | AZ143: =AX143/AX71-1 -> 0.3879056
A144: 45901 | B144: =国航自动更新!B264 -> 29811.9 | C144: =B144/B132-1 -> 0.011601629 | D144: =B144/B72-1 -> 0.25881027 | E144: =国航自动更新!C264 -> 20304.8 | F144: =E144/E132-1 -> -0.0025299293 | G144: =E144/E72-1 -> 0.45091286 | H144: =国航自动更新!D264 -> 8709.5 | I144: =H144/H132-1 -> 0.04812506 | J144: =H144/H72-1 -> -0.020689267 | K144: =国航自动更新!E264 -> 797.5 | L144: =K144/K132-1 -> -0.0082079343 | M144: =K144/K72-1 -> 0.003649635 | N144: =国航自动更新!F264 -> 24790 | O144: =N144/N132-1 -> 0.055967558 | P144: =N144/N72-1 -> 0.29908241 | Q144: =国航自动更新!G264 -> 17195.3 | R144: =Q144/Q132-1 -> 0.033800073 | S144: =Q144/Q72-1 -> 0.5022715 | T144: =国航自动更新!H264 -> 7008.3 | U144: =T144/T132-1 -> 0.11368368 | V144: =T144/T72-1 -> -0.011732356 | W144: =国航自动更新!I264 -> 586.4 | X144: =W144/W132-1 -> 0.065988002 | Y144: =W144/W72-1 -> 0.075963303 | Z144: =国航自动更新!J264 -> 13082.2 | AA144: =Z144/Z132-1 -> 0.036944856 | AB144: =Z144/Z72-1 -> 0.39151616 | AC144: =国航自动更新!K264 -> 11178.4 | AD144: =AC144/AC132-1 -> 0.02467642 | AE144: =AC144/AC72-1 -> 0.45381714 | AF144: =国航自动更新!L264 -> 1529.4 | AG144: =AF144/AF132-1 -> 0.12373255 | AH144: =AF144/AF72-1 -> 0.12546913 | AI144: =国航自动更新!M264 -> 374.4 | AJ144: =AI144/AI132-1 -> 0.082393755 | AK144: =AI144/AI72-1 -> 0.059123055 | AL144: =国航自动更新!N264 -> 83.2 | AM144: =AL144-AL132 -> 3.5 | AN144: =AL144-AL72 -> 2.6 | AO144: =国航自动更新!O264 -> 84.7 | AP144: =AO144-AO132 -> 3 | AQ144: =AO144-AO72 -> 2.9 | AR144: =国航自动更新!P264 -> 80.5 | AS144: =AR144-AR132 -> 4.8 | AT144: =AR144-AR72 -> 0.8 | AU144: =国航自动更新!Q264 -> 73.5 | AV144: =AU144-AU132 -> 5.1 | AW144: =AU144-AU72 -> 4.9 | AX144: =国航自动更新!R264 -> 946 | AY144: =AX144/AX132-1 -> 0.023809524 | AZ144: =AX144/AX72-1 -> 0.39117647
A145: 45931 | B145: =国航自动更新!B265 -> 32033 | C145: =B145/B133-1 -> 0.043212912 | D145: =B145/B73-1 -> 0.32909843 | E145: =国航自动更新!C265 -> 21936.2 | F145: =E145/E133-1 -> 0.031767384 | G145: =E145/E73-1 -> 0.53245683 | H145: =国航自动更新!D265 -> 9201.2 | I145: =H145/H133-1 -> 0.075585065 | J145: =H145/H73-1 -> 0.029355171 | K145: =国航自动更新!E265 -> 895.7 | L145: =K145/K133-1 -> 0.0055006736 | M145: =K145/K73-1 -> 0.056000943 | N145: =国航自动更新!F265 -> 27321 | O145: =N145/N133-1 -> 0.087017932 | P145: =N145/N73-1 -> 0.38836096 | Q145: =国航自动更新!G265 -> 19149.7 | R145: =Q145/Q133-1 -> 0.0554986 | S145: =Q145/Q73-1 -> 0.58559446 | T145: =国航自动更新!H265 -> 7490.1 | U145: =T145/T133-1 -> 0.17798503 | V145: =T145/T73-1 -> 0.068304998 | W145: =国航自动更新!I265 -> 681.3 | X145: =W145/W133-1 -> 0.076813656 | Y145: =W145/W73-1 -> 0.15455008 | Z145: =国航自动更新!J265 -> 14631.5 | AA145: =Z145/Z133-1 -> 0.057525514 | AB145: =Z145/Z73-1 -> 0.49080442 | AC145: =国航自动更新!K265 -> 12541.4 | AD145: =AC145/AC133-1 -> 0.042051299 | AE145: =AC145/AC73-1 -> 0.55173096 | AF145: =国航自动更新!L265 -> 1658.2 | AG145: =AF145/AF133-1 -> 0.18155907 | AH145: =AF145/AF73-1 -> 0.22187016 | AI145: =国航自动更新!M265 -> 431.9 | AJ145: =AI145/AI133-1 -> 0.088183422 | AK145: =AI145/AI73-1 -> 0.1511194 | AL145: =国航自动更新!N265 -> 85.3 | AM145: =AL145-AL133 -> 3.4 | AN145: =AL145-AL73 -> 3.7 | AO145: =国航自动更新!O265 -> 87.3 | AP145: =AO145-AO133 -> 2 | AQ145: =AO145-AO73 -> 2.9 | AR145: =国航自动更新!P265 -> 81.4 | AS145: =AR145-AR133 -> 7.1 | AT145: =AR145-AR73 -> 3 | AU145: =国航自动更新!Q265 -> 76.1 | AV145: =AU145-AU133 -> 5.1 | AW145: =AU145-AU73 -> 6.5 | AX145: =国航自动更新!R265 -> 949 | AY145: =AX145/AX133-1 -> 0.025945946 | AZ145: =AX145/AX73-1 -> 0.39558824
A146: 45962 | B146: =国航自动更新!B266 -> 29627.9 | C146: =B146/B134-1 -> 0.048185269 | D146: =B146/B74-1 -> 0.26297594 | E146: =国航自动更新!C266 -> 19877 | F146: =E146/E134-1 -> 0.037806285 | G146: =E146/E74-1 -> 0.41916736 | H146: =国航自动更新!D266 -> 8915.5 | I146: =H146/H134-1 -> 0.080915605 | J146: =H146/H74-1 -> 0.0266464 | K146: =国航自动更新!E266 -> 835.4 | L146: =K146/K134-1 -> -0.034107989 | M146: =K146/K74-1 -> 0.086769871 | N146: =国航自动更新!F266 -> 24682.2 | O146: =N146/N134-1 -> 0.10066533 | P146: =N146/N74-1 -> 0.32314439 | Q146: =国航自动更新!G266 -> 16809.2 | R146: =Q146/Q134-1 -> 0.074303683 | S146: =Q146/Q74-1 -> 0.48175704 | T146: =国航自动更新!H266 -> 7228.7 | U146: =T146/T134-1 -> 0.1747871 | V146: =T146/T74-1 -> 0.070347666 | W146: =国航自动更新!I266 -> 644.2 | X146: =W146/W134-1 -> 0.030555111 | Y146: =W146/W74-1 -> 0.15759209 | Z146: =国航自动更新!J266 -> 13071.7 | AA146: =Z146/Z134-1 -> 0.073862609 | AB146: =Z146/Z74-1 -> 0.40540802 | AC146: =国航自动更新!K266 -> 11020.9 | AD146: =AC146/AC134-1 -> 0.058694128 | AE146: =AC146/AC74-1 -> 0.4541748 | AF146: =国航自动更新!L266 -> 1637.4 | AG146: =AF146/AF134-1 -> 0.19868228 | AH146: =AF146/AF74-1 -> 0.19675486 | AI146: =国航自动更新!M266 -> 413.4 | AJ146: =AI146/AI134-1 -> 0.042097303 | AK146: =AI146/AI74-1 -> 0.16812659 | AL146: =国航自动更新!N266 -> 83.3 | AM146: =AL146-AL134 -> 4 | AN146: =AL146-AL74 -> 3.8 | AO146: =国航自动更新!O266 -> 84.6 | AP146: =AO146-AO134 -> 2.9 | AQ146: =AO146-AO74 -> 3.6 | AR146: =国航自动更新!P266 -> 81.1 | AS146: =AR146-AR134 -> 6.5 | AT146: =AR146-AR74 -> 3.3 | AU146: =国航自动更新!Q266 -> 77.1 | AV146: =AU146-AU134 -> 4.8 | AW146: =AU146-AU74 -> 4.7 | AX146: =国航自动更新!R266 -> 956 | AY146: =AX146/AX134-1 -> 0.031283711 | AZ146: =AX146/AX74-1 -> 0.39358601
A147: 45992 | B147: =国航自动更新!B267 -> 30163.6 | C147: =B147/B135-1 -> 0.040443446 | D147: =B147/B75-1 -> 0.23492252 | E147: =国航自动更新!C267 -> 19998.1 | F147: =E147/E135-1 -> 0.042376636 | G147: =E147/E75-1 -> 0.38062659 | H147: =国航自动更新!D267 -> 9259.9 | I147: =H147/H135-1 -> 0.041116683 | J147: =H147/H75-1 -> 0.013883566 | K147: =国航自动更新!E267 -> 905.6 | L147: =K147/K135-1 -> -0.0067997368 | M147: =K147/K75-1 -> 0.1213472 | N147: =国航自动更新!F267 -> 24780.7 | O147: =N147/N135-1 -> 0.10004927 | P147: =N147/N75-1 -> 0.28540602 | Q147: =国航自动更新!G267 -> 16879.9 | R147: =Q147/Q135-1 -> 0.10635634 | S147: =Q147/Q75-1 -> 0.46479863 | T147: =国航自动更新!H267 -> 7225.3 | U147: =T147/T135-1 -> 0.091352617 | V147: =T147/T75-1 -> 0.0090073735 | W147: =国航自动更新!I267 -> 675.6 | X147: =W147/W135-1 -> 0.040665434 | Y147: =W147/W75-1 -> 0.13737374 | Z147: =国航自动更新!J267 -> 13010.7 | AA147: =Z147/Z135-1 -> 0.087196671 | AB147: =Z147/Z75-1 -> 0.37084606 | AC147: =国航自动更新!K267 -> 10967.2 | AD147: =AC147/AC135-1 -> 0.08983226 | AE147: =AC147/AC75-1 -> 0.43367714 | AF147: =国航自动更新!L267 -> 1617 | AG147: =AF147/AF135-1 -> 0.082184447 | AH147: =AF147/AF75-1 -> 0.10662469 | AI147: =国航自动更新!M267 -> 426.5 | AJ147: =AI147/AI135-1 -> 0.040751586 | AK147: =AI147/AI75-1 -> 0.12207314 | AL147: =国航自动更新!N267 -> 82.2 | AM147: =AL147-AL135 -> 4.5 | AN147: =AL147-AL75 -> 3.3 | AO147: =国航自动更新!O267 -> 84.4 | AP147: =AO147-AO135 -> 4.9 | AQ147: =AO147-AO75 -> 4.8 | AR147: =国航自动更新!P267 -> 78 | AS147: =AR147-AR135 -> 3.6 | AT147: =AR147-AR75 -> -0.4 | AU147: =国航自动更新!Q267 -> 74.6 | AV147: =AU147-AU135 -> 3.4 | AW147: =AU147-AU75 -> 1.1 | AX147: =国航自动更新!R267 -> 964 | AY147: =AX147/AX135-1 -> 0.03655914 | AZ147: =AX147/AX75-1 -> 0.38108883
A148: 46023 | B148: =国航自动更新!B268 -> 31101.3 | C148: =B148/B136-1 -> -0.0091151226 | D148: =B148/B64-1 -> 0.31291713 | E148: =国航自动更新!C268 -> 20884.4 | F148: =E148/E136-1 -> -0.019659018 | G148: =E148/E64-1 -> 0.51756311 | H148: =国航自动更新!D268 -> 9309.8 | I148: =H148/H136-1 -> 0.015289653 | J148: =H148/H64-1 -> 0.033664202 | K148: =国航自动更新!E268 -> 907.1 | L148: =K148/K136-1 -> -0.0082003061 | M148: =K148/K64-1 -> -0.014450239 | N148: =国航自动更新!F268 -> 25567.9 | O148: =N148/N136-1 -> 0.030365433 | P148: =N148/N64-1 -> 0.35061224 | Q148: =国航自动更新!G268 -> 17519.3 | R148: =Q148/Q136-1 -> 0.026050543 | S148: =Q148/Q64-1 -> 0.59840336 | T148: =国航自动更新!H268 -> 7377.7 | U148: =T148/T136-1 -> 0.041915576 | V148: =T148/T64-1 -> 0.022366032 | W148: =国航自动更新!I268 -> 671 | X148: =W148/W136-1 -> 0.018054923 | Y148: =W148/W64-1 -> -0.10972535 | Z148: =国航自动更新!J268 -> 13275.6 | AA148: =Z148/Z136-1 -> 0.01196774 | AB148: =Z148/Z64-1 -> 0.44985529 | AC148: =国航自动更新!K268 -> 11247.2 | AD148: =AC148/AC136-1 -> 0.014412757 | AE148: =AC148/AC64-1 -> 0.55266573 | AF148: =国航自动更新!L268 -> 1610.8 | AG148: =AF148/AF136-1 -> -0.0045729823 | AH148: =AF148/AF64-1 -> 0.11775727 | AI148: =国航自动更新!M268 -> 417.6 | AJ148: =AI148/AI136-1 -> 0.011382901 | AK148: =AI148/AI64-1 -> -0.11450382 | AL148: =国航自动更新!N268 -> 82.2 | AM148: =AL148-AL136 -> 3.1 | AN148: =AL148-AL64 -> 2.3 | AO148: =国航自动更新!O268 -> 83.9 | AP148: =AO148-AO136 -> 3.8 | AQ148: =AO148-AO64 -> 4.3 | AR148: =国航自动更新!P268 -> 79.2 | AS148: =AR148-AR136 -> 2 | AT148: =AR148-AR64 -> -0.9 | AU148: =国航自动更新!Q268 -> 74 | AV148: =AU148-AU136 -> 1.9 | AW148: =AU148-AU64 -> -7.9 | AX148: =国航自动更新!R268 -> 960 | AY148: =AX148/AX136-1 -> 0.027837259 | AZ148: =AX148/AX64-1 -> 0.43070045
A149: 46054 | B149: =国航自动更新!B269 -> 32250.2 | C149: =B149/B137-1 -> 0.1381272 | D149: =B149/B65-1 -> 0.44880256 | E149: =国航自动更新!C269 -> 22437.4 | F149: =E149/E137-1 -> 0.13286445 | G149: =E149/E65-1 -> 0.69318422 | H149: =国航自动更新!D269 -> 8874.3 | I149: =H149/H137-1 -> 0.14040634 | J149: =H149/H65-1 -> 0.094849176 | K149: =国航自动更新!E269 -> 938.4 | L149: =K149/K137-1 -> 0.25370741 | M149: =K149/K65-1 -> 0.039432875 | N149: =国航自动更新!F269 -> 27690.3 | O149: =N149/N137-1 -> 0.19086284 | P149: =N149/N65-1 -> 0.4807172 | Q149: =国航自动更新!G269 -> 19597.1 | R149: =Q149/Q137-1 -> 0.16866442 | S149: =Q149/Q65-1 -> 0.71741683 | T149: =国航自动更新!H269 -> 7350.2 | U149: =T149/T137-1 -> 0.23707419 | V149: =T149/T65-1 -> 0.12297374 | W149: =国航自动更新!I269 -> 743 | X149: =W149/W137-1 -> 0.37084871 | Y149: =W149/W65-1 -> -0.002014775 | Z149: =国航自动更新!J269 -> 14500.2 | AA149: =Z149/Z137-1 -> 0.15380392 | AB149: =Z149/Z65-1 -> 0.54499057 | AC149: =国航自动更新!K269 -> 12442.8 | AD149: =AC149/AC137-1 -> 0.14623137 | AE149: =AC149/AC65-1 -> 0.64774744 | AF149: =国航自动更新!L269 -> 1585.6 | AG149: =AF149/AF137-1 -> 0.16348694 | AH149: =AF149/AF65-1 -> 0.16785741 | AI149: =国航自动更新!M269 -> 471.7 | AJ149: =AI149/AI137-1 -> 0.35118877 | AK149: =AI149/AI65-1 -> -0.0092417559 | AL149: =国航自动更新!N269 -> 85.9 | AM149: =AL149-AL137 -> 3.8 | AN149: =AL149-AL65 -> 1.9 | AO149: =国航自动更新!O269 -> 87.3 | AP149: =AO149-AO137 -> 2.6 | AQ149: =AO149-AO65 -> 1.2 | AR149: =国航自动更新!P269 -> 82.8 | AS149: =AR149-AR137 -> 6.4 | AT149: =AR149-AR65 -> 2 | AU149: =国航自动更新!Q269 -> 79.2 | AV149: =AU149-AU137 -> 6.8 | AW149: =AU149-AU65 -> -3.3 | AX149: =国航自动更新!R269 -> 960 | AY149: =AX149/AX137-1 -> 0.027837259 | AZ149: =AX149/AX65-1 -> 0.42644874
A150: 46082 | B150: 31820.6 | C150: =B150/B138-1 -> 0.107335 | D150: =B150/B66-1 -> 0.342919 | E150: 21975.9 | F150: =E150/E138-1 -> 0.11670698 | G150: =E150/E66-1 -> 0.60201054 | H150: 8954.1 | I150: =H150/H138-1 -> 0.085016662 | J150: =H150/H66-1 -> -0.012669534 | K150: 890.6 | L150: =K150/K138-1 -> 0.107023 | M150: =K150/K66-1 -> -0.019594892 | N150: 27457.4 | O150: =N150/N138-1 -> 0.19877753 | P150: =N150/N66-1 -> 0.43625179 | Q150: 18798.9 | R150: =Q150/Q138-1 -> 0.16875874 | S150: =Q150/Q66-1 -> 0.67282742 | T150: 7965.3 | U150: =T150/T138-1 -> 0.2762245 | V150: =T150/T66-1 -> 0.11555699 | W150: 693.2 | X150: =W150/W138-1 -> 0.19785727 | Y150: =W150/W66-1 -> -0.062483094 | Z150: 14309.3 | AA150: =Z150/Z138-1 -> 0.1512555 | AB150: =Z150/Z66-1 -> 0.5096587 | AC150: 12138 | AD150: =AC150/AC138-1 -> 0.14133654 | AE150: =AC150/AC66-1 -> 0.61109636 | AF150: 1717.4 | AG150: =AF150/AF138-1 -> 0.21097165 | AH150: =AF150/AF66-1 -> 0.16410222 | AI150: 453.9 | AJ150: =AI150/AI138-1 -> 0.20653907 | AK150: =AI150/AI66-1 -> -0.032608696 | AL150: 86.3 | AM150: =AL150-AL138 -> 6.6 | AN150: =AL150-AL66 -> 5.6 | AO150: 85.5 | AP150: =AO150-AO138 -> 3.8 | AQ150: =AO150-AO66 -> 3.6 | AR150: 89 | AS150: =AR150-AR138 -> 13.4 | AT150: =AR150-AR66 -> 10.3 | AU150: 77.8 | AV150: =AU150-AU138 -> 5.9 | AW150: =AU150-AU66 -> -3.6 | AX150: 960 | AY150: =AX150/AX138-1 -> 0.027837259 | AZ150: =AX150/AX66-1 -> 0.42011834
A152: 季度
A153: 18Q1 | B153: =SUM(B52:B54) -> 65728.1 | E153: =SUM(E52:E54) -> 39263.7 | F153: =E153/SUM(E40:E42)-1 -> 0.081305045 | H153: =SUM(H52:H54) -> 24091.2 | I153: =H153/SUM(H40:H42)-1 -> 0.16455182 | K153: =SUM(K52:K54) -> 2373.2 | L153: =K153/SUM(K40:K42)-1 -> 0.049716914 | N153: =SUM(N52:N54) -> 53309.8 | O153: =N153/SUM(N40:N42)-1 -> 0.096658994 | Q153: =SUM(Q52:Q54) -> 32564.6 | R153: =Q153/SUM(Q40:Q42)-1 -> 0.073386028 | T153: =SUM(T52:T54) -> 18860.1 | U153: =T153/SUM(T40:T42)-1 -> 0.13704791 | W153: =SUM(W52:W54) -> 1885.2 | X153: =W153/SUM(W40:W42)-1 -> 0.11814947 | Z153: =SUM(Z52:Z54) -> 26718 | AA153: =Z153/SUM(Z40:Z42)-1 -> 0.077112863 | AC153: =SUM(AC52:AC54) -> 21822.3 | AD153: =AC153/SUM(AC40:AC42)-1 -> 0.069752052 | AF153: =SUM(AF52:AF54) -> 3692.4 | AG153: =AF153/SUM(AF40:AF42)-1 -> 0.10527734 | AI153: =SUM(AI52:AI54) -> 1203.3 | AJ153: =AI153/SUM(AI40:AI42)-1 -> 0.12996525 | AL153: =AVERAGE(AL52:AL54) -> 81.133333 | AM153: =AL153-AVERAGE(AL40:AL42) -> -0.9 | AO153: =AVERAGE(AO52:AO54) -> 82.966667 | AP153: =AO153-AVERAGE(AO40:AO42) -> -0.63333333 | AR153: =AVERAGE(AR52:AR54) -> 78.333333 | AS153: =AR153-AVERAGE(AR40:AR42) -> -1.8 | AU153: =AVERAGE(AU52:AU54) -> 79.4
A154: 18Q2 | B154: =SUM(B55:B57) -> 68023.9 | C154: =B154/SUM(B43:B45)-1 -> 0.13939446 | E154: =SUM(E55:E57) -> 39603.4 | F154: =E154/SUM(E43:E45)-1 -> 0.11860424 | H154: =SUM(H55:H57) -> 26008 | I154: =H154/SUM(H43:H45)-1 -> 0.17763721 | K154: =SUM(K55:K57) -> 2412.8 | L154: =K154/SUM(K43:K45)-1 -> 0.090531073 | N154: =SUM(N55:N57) -> 54329.3 | O154: =N154/SUM(N43:N45)-1 -> 0.1366652 | Q154: =SUM(Q55:Q57) -> 32355.2 | R154: =Q154/SUM(Q43:Q45)-1 -> 0.10412984 | T154: =SUM(T55:T57) -> 20027.9 | U154: =T154/SUM(T43:T45)-1 -> 0.19024526 | W154: =SUM(W55:W57) -> 1946.2 | X154: =W154/SUM(W43:W45)-1 -> 0.16769665 | Z154: =SUM(Z55:Z57) -> 27009 | AA154: =Z154/SUM(Z43:Z45)-1 -> 0.10722572 | AC154: =SUM(AC55:AC57) -> 21987.5 | AD154: =AC154/SUM(AC43:AC45)-1 -> 0.088301532 | AF154: =SUM(AF55:AF57) -> 3781.3 | AG154: =AF154/SUM(AF43:AF45)-1 -> 0.210016 | AI154: =SUM(AI55:AI57) -> 1240.3 | AJ154: =AI154/SUM(AI43:AI45)-1 -> 0.1647103 | AL154: =AVERAGE(AL55:AL57) -> 79.866667 | AM154: =AL154-AVERAGE(AL43:AL45) -> -0.2 | AO154: =AVERAGE(AO55:AO57) -> 81.7 | AP154: =AO154-AVERAGE(AO43:AO45) -> -1.1 | AR154: =AVERAGE(AR55:AR57) -> 77 | AS154: =AR154-AVERAGE(AR43:AR45) -> 0.73333333 | AU154: =AVERAGE(AU55:AU57) -> 80.7
A155: 18Q3 | B155: =SUM(B58:B60) -> 70264.6 | C155: =B155/SUM(B46:B48)-1 -> 0.092719568 | E155: =SUM(E58:E60) -> 40284.1 | F155: =E155/SUM(E46:E48)-1 -> 0.0645735 | H155: =SUM(H58:H60) -> 27531.4 | I155: =H155/SUM(H46:H48)-1 -> 0.13901668 | K155: =SUM(K58:K60) -> 2449.2 | L155: =K155/SUM(K46:K48)-1 -> 0.06914615 | N155: =SUM(N58:N60) -> 57381.1 | O155: =N155/SUM(N46:N48)-1 -> 0.093804625 | Q155: =SUM(Q58:Q60) -> 33725.7 | R155: =Q155/SUM(Q46:Q48)-1 -> 0.074402202 | T155: =SUM(T58:T60) -> 21614.1 | U155: =T155/SUM(T46:T48)-1 -> 0.12707865 | W155: =SUM(W58:W60) -> 2041.4 | X155: =W155/SUM(W46:W48)-1 -> 0.07850803 | Z155: =SUM(Z58:Z60) -> 28206.2 | AA155: =Z155/SUM(Z46:Z48)-1 -> 0.077584297 | AC155: =SUM(AC58:AC60) -> 22840.1 | AD155: =AC155/SUM(AC46:AC48)-1 -> 0.066501992 | AF155: =SUM(AF58:AF60) -> 4053.8 | AG155: =AF155/SUM(AF46:AF48)-1 -> 0.14278465 | AI155: =SUM(AI58:AI60) -> 1312.2 | AJ155: =AI155/SUM(AI46:AI48)-1 -> 0.082405345 | AL155: =AVERAGE(AL58:AL60) -> 81.633333 | AM155: =AL155-AVERAGE(AL46:AL48) -> 0.066666667 | AO155: =AVERAGE(AO58:AO60) -> 83.7 | AP155: =AO155-AVERAGE(AO46:AO48) -> 0.76666667 | AR155: =AVERAGE(AR58:AR60) -> 78.466667 | AS155: =AR155-AVERAGE(AR46:AR48) -> -0.86666667 | AU155: =AVERAGE(AU58:AU60) -> 83.2
A156: 18Q4 | B156: =SUM(B61:B63) -> 69530.3 | C156: =B156/SUM(B49:B51)-1 -> 0.07743623 | E156: =SUM(E61:E63) -> 40977.7 | F156: =E156/SUM(E49:E51)-1 -> 0.066497149 | H156: =SUM(H61:H63) -> 25940.1 | I156: =H156/SUM(H49:H51)-1 -> 0.089874375 | K156: =SUM(K61:K63) -> 2612.6 | L156: =K156/SUM(K49:K51)-1 -> 0.13128951 | N156: =SUM(N61:N63) -> 55442.1 | O156: =N156/SUM(N49:N51)-1 -> 0.06195865 | Q156: =SUM(Q61:Q63) -> 33402.1 | R156: =Q156/SUM(Q49:Q51)-1 -> 0.049238878 | T156: =SUM(T61:T63) -> 19956.9 | U156: =T156/SUM(T49:T51)-1 -> 0.079889613 | W156: =SUM(W61:W63) -> 2083.3 | X156: =W156/SUM(W49:W51)-1 -> 0.10099355 | Z156: =SUM(Z61:Z63) -> 27751.8 | AA156: =Z156/SUM(Z49:Z51)-1 -> 0.059192623 | AC156: =SUM(AC61:AC63) -> 22569.6 | AD156: =AC156/SUM(AC49:AC51)-1 -> 0.049519407 | AF156: =SUM(AF61:AF63) -> 3879.4 | AG156: =AF156/SUM(AF49:AF51)-1 -> 0.11205389 | AI156: =SUM(AI61:AI63) -> 1302.8 | AJ156: =AI156/SUM(AI49:AI51)-1 -> 0.078655407 | AL156: =AVERAGE(AL61:AL63) -> 79.733333 | AM156: =AL156-AVERAGE(AL49:AL51) -> -1.1666667 | AO156: =AVERAGE(AO61:AO63) -> 81.5 | AP156: =AO156-AVERAGE(AO49:AO51) -> -1.3666667 | AR156: =AVERAGE(AR61:AR63) -> 76.933333 | AS156: =AR156-AVERAGE(AR49:AR51) -> -0.7 | AU156: =AVERAGE(AU61:AU63) -> 79.733333
A158: 19Q1 | B158: =SUM(B64:B66) -> 69643.7 | C158: =B158/B153-1 -> 0.059572694 | E158: =SUM(E64:E66) -> 40731.1 | F158: =E158/E153-1 -> 0.037372942 | H158: =SUM(H64:H66) -> 26181.1 | I158: =H158/H153-1 -> 0.086749518 | K158: =SUM(K64:K66) -> 2731.6 | L158: =K158/K153-1 -> 0.15101972 | N158: =SUM(N64:N66) -> 56748.6 | O158: =N158/N153-1 -> 0.064505963 | Q158: =SUM(Q64:Q66) -> 33609.1 | R158: =Q158/Q153-1 -> 0.032074707 | T158: =SUM(T64:T66) -> 20901.8 | U158: =T158/T153-1 -> 0.10825499 | W158: =SUM(W64:W66) -> 2237.6 | X158: =W158/W153-1 -> 0.18692977 | Z158: =SUM(Z64:Z66) -> 28020.3 | AA158: =Z158/Z153-1 -> 0.048742421 | AC158: =SUM(AC64:AC66) -> 22329.2 | AD158: =AC158/AC153-1 -> 0.023228532 | AF158: =SUM(AF64:AF66) -> 4274.1 | AG158: =AF158/AF153-1 -> 0.15753981 | AI158: =SUM(AI64:AI66) -> 1416.9 | AJ158: =AI158/AI153-1 -> 0.17751184 | AL158: =AVERAGE(AL64:AL66) -> 81.533333 | AM158: =AL158-AL153 -> 0.4 | AO158: =AVERAGE(AO64:AO66) -> 82.533333 | AP158: =AO158-AO153 -> -0.43333333 | AR158: =AVERAGE(AR64:AR66) -> 79.866667 | AS158: =AR158-AR153 -> 1.5333333 | AU158: =AVERAGE(AU64:AU66) -> 81.933333
A159: 19Q2 | B159: =SUM(B67:B69) -> 71409.2 | C159: =B159/B154-1 -> 0.049766332 | E159: =SUM(E67:E69) -> 40210.4 | F159: =E159/E154-1 -> 0.015326967 | H159: =SUM(H67:H69) -> 28280.4 | I159: =H159/H154-1 -> 0.087373116 | K159: =SUM(K67:K69) -> 2918.3 | L159: =K159/K154-1 -> 0.20950763 | N159: =SUM(N67:N69) -> 57514.2 | O159: =N159/N154-1 -> 0.058622143 | Q159: =SUM(Q67:Q69) -> 32983.2 | R159: =Q159/Q154-1 -> 0.019409554 | T159: =SUM(T67:T69) -> 22200.3 | U159: =T159/T154-1 -> 0.10846869 | W159: =SUM(W67:W69) -> 2330.8 | X159: =W159/W154-1 -> 0.19761587 | Z159: =SUM(Z67:Z69) -> 28036.8 | AA159: =Z159/Z154-1 -> 0.038053982 | AC159: =SUM(AC67:AC69) -> 22264.7 | AD159: =AC159/AC154-1 -> 0.012607163 | AF159: =SUM(AF67:AF69) -> 4286.5 | AG159: =AF159/AF154-1 -> 0.13360484 | AI159: =SUM(AI67:AI69) -> 1485.6 | AJ159: =AI159/AI154-1 -> 0.19777473 | AL159: =AVERAGE(AL67:AL69) -> 80.566667 | AM159: =AL159-AL154 -> 0.7 | AO159: =AVERAGE(AO67:AO69) -> 82.033333 | AP159: =AO159-AO154 -> 0.33333333 | AR159: =AVERAGE(AR67:AR69) -> 78.533333 | AS159: =AR159-AR154 -> 1.5333333 | AU159: =AVERAGE(AU67:AU69) -> 79.9
A160: 19Q3 | B160: =SUM(B70:B72) -> 74024.3 | C160: =B160/B155-1 -> 0.053507741 | E160: =SUM(E70:E72) -> 43232.7 | F160: =E160/E155-1 -> 0.073195132 | H160: =SUM(H70:H72) -> 28077.3 | I160: =H160/H155-1 -> 0.019828269 | K160: =SUM(K70:K72) -> 2714.4 | L160: =K160/K155-1 -> 0.10828025 | N160: =SUM(N70:N72) -> 60797.9 | O160: =N160/N155-1 -> 0.059545739 | Q160: =SUM(Q70:Q72) -> 36185.6 | R160: =Q160/Q155-1 -> 0.072938442 | T160: =SUM(T70:T72) -> 22556.7 | U160: =T160/T155-1 -> 0.043610421 | W160: =SUM(W70:W72) -> 2055.5 | X160: =W160/W155-1 -> 0.0069070246 | Z160: =SUM(Z70:Z72) -> 29932.6 | AA160: =Z160/Z155-1 -> 0.061206401 | AC160: =SUM(AC70:AC72) -> 24255.2 | AD160: =AC160/AC155-1 -> 0.061956822 | AF160: =SUM(AF70:AF72) -> 4330 | AG160: =AF160/AF155-1 -> 0.068133603 | AI160: =SUM(AI70:AI72) -> 1347.3 | AJ160: =AI160/AI155-1 -> 0.026748971 | AL160: =AVERAGE(AL70:AL72) -> 82.1 | AM160: =AL160-AL155 -> 0.46666667 | AO160: =AVERAGE(AO70:AO72) -> 83.666667 | AP160: =AO160-AO155 -> -0.033333333 | AR160: =AVERAGE(AR70:AR72) -> 80.3 | AS160: =AR160-AR155 -> 1.8333333 | AU160: =AVERAGE(AU70:AU72) -> 75.3
A161: 19Q4 | B161: =SUM(B73:B75) -> 71985.6 | C161: =B161/B156-1 -> 0.035312662 | E161: =SUM(E73:E75) -> 42805.3 | F161: =E161/E156-1 -> 0.044599868 | H161: =SUM(H73:H75) -> 26756 | I161: =H161/H156-1 -> 0.031453233 | K161: =SUM(K73:K75) -> 2424.5 | L161: =K161/K156-1 -> -0.071997244 | N161: =SUM(N73:N75) -> 57611.3 | O161: =N161/N156-1 -> 0.039125502 | Q161: =SUM(Q73:Q75) -> 34945.1 | R161: =Q161/Q156-1 -> 0.0461947 | T161: =SUM(T73:T75) -> 20925.6 | U161: =T161/T156-1 -> 0.048539603 | W161: =SUM(W73:W75) -> 1740.6 | X161: =W161/W156-1 -> -0.16449863 | Z161: =SUM(Z73:Z75) -> 28606.5 | AA161: =Z161/Z156-1 -> 0.030798002 | AC161: =SUM(AC73:AC75) -> 23310.7 | AD161: =AC161/AC156-1 -> 0.032836204 | AF161: =SUM(AF73:AF75) -> 4186.5 | AG161: =AF161/AF156-1 -> 0.079161726 | AI161: =SUM(AI73:AI75) -> 1109.2 | AJ161: =AI161/AI156-1 -> -0.14860301 | AL161: =AVERAGE(AL73:AL75) -> 80 | AM161: =AL161-AL156 -> 0.26666667 | AO161: =AVERAGE(AO73:AO75) -> 81.666667 | AP161: =AO161-AO156 -> 0.16666667 | AR161: =AVERAGE(AR73:AR75) -> 78.2 | AS161: =AR161-AR156 -> 1.2666667 | AU161: =AVERAGE(AU73:AU75) -> 71.833333
A163: 20Q1 | B163: =SUM(B76:B78) -> 40668.9 | C163: =B163/B158-1 -> -0.41604338 | E163: =SUM(E76:E78) -> 25060.4 | F163: =E163/E158-1 -> -0.3847355 | H163: =SUM(H76:H78) -> 14509 | I163: =H163/H158-1 -> -0.4458216 | K163: =SUM(K76:K78) -> 1099.4 | L163: =K163/K158-1 -> -0.59752526 | N163: =SUM(N76:N78) -> 27592.8 | O163: =N163/N158-1 -> -0.51377126 | Q163: =SUM(Q76:Q78) -> 17136 | R163: =Q163/Q158-1 -> -0.49013809 | T163: =SUM(T76:T78) -> 9785.3 | U163: =T163/T158-1 -> -0.53184415 | W163: =SUM(W76:W78) -> 671.4 | X163: =W163/W158-1 -> -0.69994637 | Z163: =SUM(Z76:Z78) -> 13713.6 | AA163: =Z163/Z158-1 -> -0.5105834 | AC163: =SUM(AC76:AC78) -> 11355 | AD163: =AC163/AC158-1 -> -0.49147305 | AF163: =SUM(AF76:AF78) -> 1927.2 | AG163: =AF163/AF158-1 -> -0.54909806 | AI163: =SUM(AI76:AI78) -> 431.4 | AJ163: =AI163/AI158-1 -> -0.6955325 | AL163: =AVERAGE(AL76:AL78) -> 61.6 | AM163: =AL163-AL158 -> -19.933333 | AO163: =AVERAGE(AO76:AO78) -> 62.466667 | AP163: =AO163-AO158 -> -20.066667 | AR163: =AVERAGE(AR76:AR78) -> 58.633333 | AS163: =AR163-AR158 -> -21.233333 | AU163: =AVERAGE(AU76:AU78) -> 41.633333
A164: 20Q2 | B164: =SUM(B79:B81) -> 24897.2 | C164: =B164/B159-1 -> -0.65134464 | E164: =SUM(E79:E81) -> 23798.4 | F164: =E164/E159-1 -> -0.40815311 | H164: =SUM(H79:H81) -> 1024.4 | I164: =H164/H159-1 -> -0.96377703 | K164: =SUM(K79:K81) -> 74.2 | L164: =K164/K159-1 -> -0.97457424 | N164: =SUM(N79:N81) -> 16629.2 | O164: =N164/N159-1 -> -0.71086792 | Q164: =SUM(Q79:Q81) -> 16111.9 | R164: =Q164/Q159-1 -> -0.51151192 | T164: =SUM(T79:T81) -> 514.7 | U164: =T164/T159-1 -> -0.97681563 | W164: =SUM(W79:W81) -> 2.7 | X164: =W164/W159-1 -> -0.9988416 | Z164: =SUM(Z79:Z81) -> 11192.2 | AA164: =Z164/Z159-1 -> -0.60080323 | AC164: =SUM(AC79:AC81) -> 11113.7 | AD164: =AC164/AC159-1 -> -0.50083765 | AF164: =SUM(AF79:AF81) -> 76.7 | AG164: =AF164/AF159-1 -> -0.98210661 | AI164: =SUM(AI79:AI81) -> 1.8 | AJ164: =AI164/AI159-1 -> -0.99878837 | AL164: =AVERAGE(AL79:AL81) -> 66.666667 | AM164: =AL164-AL159 -> -13.9 | AO164: =AVERAGE(AO79:AO81) -> 67.633333 | AP164: =AO164-AO159 -> -14.4 | AR164: =AVERAGE(AR79:AR81) -> 48.966667 | AS164: =AR164-AR159 -> -29.566667 | AU164: =AVERAGE(AU79:AU81) -> 3.6
A165: 20Q3 | B165: =SUM(B82:B84) -> 42189.3 | C165: =B165/B160-1 -> -0.43006148 | E165: =SUM(E82:E84) -> 40542.3 | F165: =E165/E160-1 -> -0.062230673 | H165: =SUM(H82:H84) -> 1494.9 | I165: =H165/H160-1 -> -0.9467577 | K165: =SUM(K82:K84) -> 152.2 | L165: =K165/K160-1 -> -0.94392868 | N165: =SUM(N82:N84) -> 31045.4 | O165: =N165/N160-1 -> -0.48936723 | Q165: =SUM(Q82:Q84) -> 30268.1 | R165: =Q165/Q160-1 -> -0.1635319 | T165: =SUM(T82:T84) -> 755.8 | U165: =T165/T160-1 -> -0.96649333 | W165: =SUM(W82:W84) -> 21.5 | X165: =W165/W160-1 -> -0.98954026 | Z165: =SUM(Z82:Z84) -> 20978.4 | AA165: =Z165/Z160-1 -> -0.29914541 | AC165: =SUM(AC82:AC84) -> 20841.9 | AD165: =AC165/AC160-1 -> -0.14072446 | AF165: =SUM(AF82:AF84) -> 121.7 | AG165: =AF165/AF160-1 -> -0.97189376 | AI165: =SUM(AI82:AI84) -> 15 | AJ165: =AI165/AI160-1 -> -0.98886662 | AL165: =AVERAGE(AL82:AL84) -> 73.433333 | AM165: =AL165-AL160 -> -8.6666667 | AO165: =AVERAGE(AO82:AO84) -> 74.5 | AP165: =AO165-AO160 -> -9.1666667 | AR165: =AVERAGE(AR82:AR84) -> 51.2 | AS165: =AR165-AR160 -> -29.1 | AU165: =AVERAGE(AU82:AU84) -> 12.5
A166: 20Q4 | B166: =SUM(B85:B87) -> 48306.9 | C166: =B166/B161-1 -> -0.32893662 | E166: =SUM(E85:E87) -> 46150.7 | F166: =E166/E161-1 -> 0.078153873 | H166: =SUM(H85:H87) -> 1615.2 | I166: =H166/H161-1 -> -0.93963223 | K166: =SUM(K85:K87) -> 541.1 | L166: =K166/K161-1 -> -0.77681996 | N166: =SUM(N85:N87) -> 34565 | O166: =N166/N161-1 -> -0.4000309 | Q166: =SUM(Q85:Q87) -> 33604.2 | R166: =Q166/Q161-1 -> -0.038371617 | T166: =SUM(T85:T87) -> 697.7 | U166: =T166/T161-1 -> -0.96665806 | W166: =SUM(W85:W87) -> 263.1 | X166: =W166/W161-1 -> -0.84884523 | Z166: =SUM(Z85:Z87) -> 22807.4 | AA166: =Z166/Z161-1 -> -0.20271966 | AC166: =SUM(AC85:AC87) -> 22528.2 | AD166: =AC166/AC161-1 -> -0.033568276 | AF166: =SUM(AF85:AF87) -> 116.2 | AG166: =AF166/AF161-1 -> -0.97224412 | AI166: =SUM(AI85:AI87) -> 163.1 | AJ166: =AI166/AI161-1 -> -0.85295709 | AL166: =AVERAGE(AL85:AL87) -> 71.433333 | AM166: =AL166-AL161 -> -8.5666667 | AO166: =AVERAGE(AO85:AO87) -> 72.666667 | AP166: =AO166-AO161 -> -9 | AR166: =AVERAGE(AR85:AR87) -> 43.133333 | AS166: =AR166-AR161 -> -35.066667 | AU166: =AVERAGE(AU85:AU87) -> 48.5
A168: 21Q1 | B168: =SUM(B88:B90) -> 35613.5 | C168: =B168/B163-1 -> -0.12430629 | E168: =SUM(E88:E90) -> 34082.4 | F168: =E168/E163-1 -> 0.36001022 | H168: =SUM(H88:H90) -> 1069.7 | I168: =H168/H163-1 -> -0.92627335 | K168: =SUM(K88:K90) -> 461.3 | L168: =K168/K163-1 -> -0.58040749 | N168: =SUM(N88:N90) -> 23533.7 | O168: =N168/N163-1 -> -0.14710722 | Q168: =SUM(Q88:Q90) -> 22889.8 | R168: =Q168/Q163-1 -> 0.33577264 | T168: =SUM(T88:T90) -> 430.3 | U168: =T168/T163-1 -> -0.95602588 | W168: =SUM(W88:W90) -> 213.6 | X168: =W168/W163-1 -> -0.6818588 | Z168: =SUM(Z88:Z90) -> 15547.6 | AA168: =Z168/Z163-1 -> 0.13373585 | AC168: =SUM(AC88:AC90) -> 15338.4 | AD168: =AC168/AC163-1 -> 0.35080581 | AF168: =SUM(AF88:AF90) -> 74.3 | AG168: =AF168/AF163-1 -> -0.96144666 | AI168: =SUM(AI88:AI90) -> 134.8 | AJ168: =AI168/AI163-1 -> -0.68752898 | AL168: =AVERAGE(AL88:AL90) -> 64.8 | AM168: =AL168-AL163 -> 3.2 | AO168: =AVERAGE(AO88:AO90) -> 65.833333 | AP168: =AO168-AO163 -> 3.3666667 | AR168: =AVERAGE(AR88:AR90) -> 40.433333 | AS168: =AR168-AR163 -> -18.2 | AU168: =AVERAGE(AU88:AU90) -> 45.333333
A169: 21Q2 | B169: =SUM(B91:B93) -> 46864.7 | C169: =B169/B164-1 -> 0.88232813 | E169: =SUM(E91:E93) -> 44987 | F169: =E169/E164-1 -> 0.89033717 | H169: =SUM(H91:H93) -> 1045.3 | I169: =H169/H164-1 -> 0.020402187 | K169: =SUM(K91:K93) -> 832.4 | L169: =K169/K164-1 -> 10.218329 | N169: =SUM(N91:N93) -> 34700.9 | O169: =N169/N164-1 -> 1.086745 | Q169: =SUM(Q91:Q93) -> 33723.2 | R169: =Q169/Q164-1 -> 1.0930617 | T169: =SUM(T91:T93) -> 464.6 | U169: =T169/T164-1 -> -0.097338255 | W169: =SUM(W91:W93) -> 513.3 | X169: =W169/W164-1 -> 189.11111 | Z169: =SUM(Z91:Z93) -> 23044.2 | AA169: =Z169/Z164-1 -> 1.0589518 | AC169: =SUM(AC91:AC93) -> 22666 | AD169: =AC169/AC164-1 -> 1.0394648 | AF169: =SUM(AF91:AF93) -> 71.6 | AG169: =AF169/AF164-1 -> -0.066492829 | AI169: =SUM(AI91:AI93) -> 306.7 | AJ169: =AI169/AI164-1 -> 169.38889 | AL169: =AVERAGE(AL91:AL93) -> 73.866667 | AM169: =AL169-AL164 -> 7.2 | AO169: =AVERAGE(AO91:AO93) -> 74.766667 | AP169: =AO169-AO164 -> 7.1333333 | AR169: =AVERAGE(AR91:AR93) -> 44.566667 | AS169: =AR169-AR164 -> -4.4 | AU169: =AVERAGE(AU91:AU93) -> 61.733333
A170: 21Q3 | B170: =SUM(B94:B96) -> 37679.5 | C170: =B170/B165-1 -> -0.1068944 | E170: =SUM(E94:E96) -> 36016.5 | F170: =E170/E165-1 -> -0.11163156 | H170: =SUM(H94:H96) -> 1034.4 | I170: =H170/H165-1 -> -0.30804736 | K170: =SUM(K94:K96) -> 628.7 | L170: =K170/K165-1 -> 3.130749 | N170: =SUM(N94:N96) -> 25381.7 | O170: =N170/N165-1 -> -0.18243282 | Q170: =SUM(Q94:Q96) -> 24472.2 | R170: =Q170/Q165-1 -> -0.19148543 | T170: =SUM(T94:T96) -> 564.9 | U170: =T170/T165-1 -> -0.25258005 | W170: =SUM(W94:W96) -> 344.6 | X170: =W170/W165-1 -> 15.027907 | Z170: =SUM(Z94:Z96) -> 16493.1 | AA170: =Z170/Z165-1 -> -0.21380563 | AC170: =SUM(AC94:AC96) -> 16202.9 | AD170: =AC170/AC165-1 -> -0.22258047 | AF170: =SUM(AF94:AF96) -> 89.4 | AG170: =AF170/AF165-1 -> -0.26540674 | AI170: =SUM(AI94:AI96) -> 200.8 | AJ170: =AI170/AI165-1 -> 12.386667 | AL170: =AVERAGE(AL94:AL96) -> 65.8 | AM170: =AL170-AL165 -> -7.6333333 | AO170: =AVERAGE(AO94:AO96) -> 66.266667 | AP170: =AO170-AO165 -> -8.2333333 | AR170: =AVERAGE(AR94:AR96) -> 55.133333 | AS170: =AR170-AR165 -> 3.9333333 | AU170: =AVERAGE(AU94:AU96) -> 50.966667
A171: 21Q4 | B171: =SUM(B97) -> 14128.4 | E171: =SUM(E97) -> 13656.8 | H171: =SUM(H97) -> 380.6 | K171: =SUM(K97) -> 91.1 | N171: =SUM(N97) -> 9729.2 | Q171: =SUM(Q97) -> 9535.3 | T171: =SUM(T97) -> 160.4 | W171: =SUM(W97) -> 33.4 | Z171: =SUM(Z97:Z99) -> 13834.2 | AC171: =SUM(AC97) -> 6443.7 | AF171: =SUM(AF97) -> 24.3 | AI171: =SUM(AI97) -> 20.1 | AL171: =AVERAGE(AL97) -> 68.9 | AM171: =AL171-AL166 -> -2.5333333 | AO171: =AVERAGE(AO97) -> 69.8 | AP171: =AO171-AO166 -> -2.8666667 | AR171: =AVERAGE(AR97) -> 42.2 | AS171: =AR171-AR166 -> -0.93333333 | AU171: =AVERAGE(AU97) -> 36.7
A173: 22Q1 | B173: =SUM(B100:B102) -> 27699.2 | C173: =B173/B168-1 -> -0.22222753 | E173: =SUM(E100:E102) -> 26125.8 | F173: =E173/E168-1 -> -0.23345187 | H173: =SUM(H100:H102) -> 946.4 | I173: =H173/H168-1 -> -0.11526596 | K173: =SUM(K100:K102) -> 627.1 | L173: =K173/K168-1 -> 0.35941903 | N173: =SUM(N100:N102) -> 16985.1 | O173: =N173/N168-1 -> -0.27826479 | Q173: =SUM(Q100:Q102) -> 16423.3 | R173: =Q173/Q168-1 -> -0.28250574 | T173: =SUM(T100:T102) -> 242.9 | U173: =T173/T168-1 -> -0.43551011 | W173: =SUM(W100:W102) -> 319 | X173: =W173/W168-1 -> 0.49344569 | Z173: =SUM(Z100:Z102) -> 11078.3 | AA173: =Z173/Z168-1 -> -0.28745916 | AC173: =SUM(AC100:AC102) -> 10843.5 | AD173: =AC173/AC168-1 -> -0.29304882 | AF173: =SUM(AF100:AF102) -> 45 | AG173: =AF173/AF168-1 -> -0.39434724 | AI173: =SUM(AI100:AI102) -> 189.9 | AJ173: =AI173/AI168-1 -> 0.40875371 | AL173: =AVERAGE(AL100:AL102) -> 61.033333 | AM173: =AL173-AL168 -> -3.7666667 | AO173: =AVERAGE(AO100:AO102) -> 62.666667 | AP173: =AO173-AO168 -> -3.1666667 | AR173: =AVERAGE(AR100:AR102) -> 26.166667 | AS173: =AR173-AR168 -> -14.266667 | AU173: =AVERAGE(AU100:AU102) -> 49.366667
A174: 22Q2 | B174: =SUM(B103:B105) -> 16582.9 | C174: =B174/B169-1 -> -0.64615371 | E174: =SUM(E103:E105) -> 15743.9 | F174: =E174/E169-1 -> -0.65003445 | H174: =SUM(H103:H105) -> 649.1 | I174: =H174/H169-1 -> -0.37902994 | K174: =SUM(K103:K105) -> 189.8 | L174: =K174/K169-1 -> -0.77198462 | N174: =SUM(N103:N105) -> 9771.7 | O174: =N174/N169-1 -> -0.71840212 | Q174: =SUM(Q103:Q105) -> 9373.2 | R174: =Q174/Q169-1 -> -0.72205485 | T174: =SUM(T103:T105) -> 329.7 | U174: =T174/T169-1 -> -0.2903573 | W174: =SUM(W103:W105) -> 68.8 | X174: =W174/W169-1 -> -0.86596532 | Z174: =SUM(Z103:Z105) -> 6294.7 | AA174: =Z174/Z169-1 -> -0.72684233 | AC174: =SUM(AC103:AC105) -> 6208.1 | AD174: =AC174/AC169-1 -> -0.72610518 | AF174: =SUM(AF103:AF105) -> 49.6 | AG174: =AF174/AF169-1 -> -0.30726257 | AI174: =SUM(AI103:AI105) -> 37.1 | AJ174: =AI174/AI169-1 -> -0.87903489 | AL174: =AVERAGE(AL103:AL105) -> 57.833333 | AM174: =AL174-AL169 -> -16.033333 | AO174: =AVERAGE(AO103:AO105) -> 58.4 | AP174: =AO174-AO169 -> -16.366667 | AR174: =AVERAGE(AR103:AR105) -> 50.7 | AS174: =AR174-AR169 -> 6.1333333 | AU174: =AVERAGE(AU103:AU105) -> 36.233333
A175: 22Q3 | B175: =SUM(B106:B108) -> 31685.8 | C175: =B175/B170-1 -> -0.15907058 | E175: =SUM(E106:E108) -> 30248.1 | F175: =E175/E170-1 -> -0.16015993 | H175: =SUM(H106:H108) -> 1176.4 | I175: =H175/H170-1 -> 0.13727765 | K175: =SUM(K106:K108) -> 261.3 | L175: =K175/K170-1 -> -0.58438047 | N175: =SUM(N106:N108) -> 20924.4 | O175: =N175/N170-1 -> -0.17561077 | Q175: =SUM(Q106:Q108) -> 20170.4 | R175: =Q175/Q170-1 -> -0.17578313 | T175: =SUM(T106:T108) -> 642.3 | U175: =T175/T170-1 -> 0.1370154 | W175: =SUM(W106:W108) -> 111.7 | X175: =W175/W170-1 -> -0.67585607 | Z175: =SUM(Z106:Z108) -> 13385.4 | AA175: =Z175/Z170-1 -> -0.18842425 | AC175: =SUM(AC106:AC108) -> 13207.6 | AD175: =AC175/AC170-1 -> -0.18486197 | AF175: =SUM(AF106:AF108) -> 116.6 | AG175: =AF175/AF170-1 -> 0.30425056 | AI175: =SUM(AI106:AI108) -> 61 | AJ175: =AI175/AI170-1 -> -0.69621514 | AL175: =AVERAGE(AL106:AL108) -> 65.866667 | AM175: =AL175-AL170 -> 0.066666667 | AO175: =AVERAGE(AO106:AO108) -> 66.533333 | AP175: =AO175-AO170 -> 0.26666667 | AR175: =AVERAGE(AR106:AR108) -> 54.433333 | AS175: =AR175-AR170 -> -0.7 | AU175: =AVERAGE(AU106:AU108) -> 39.766667
...

Sheet 南方航空
A1: 指标名称 | B1: 可用座公里（百万） | C1: 同比上年 | D1: 同比19 | E1: 可用座公里:国内 | F1: 同比上年 | G1: 同比19 | H1: 可用座公里:国际 | I1: 同比上年 | J1: 同比19 | K1: 可用座公里:地区 | L1: 同比上年 | M1: 同比19 | N1: 收入客公里（百万） | O1: 同比上年 | P1: 同比19 | Q1: 收入客公里:国内 | R1: 同比上年 | S1: 同比19 | T1: 收入客公里:国际 | U1: 同比上年 | V1: 同比19 | W1: 收入客公里:地区 | X1: 同比上年 | Y1: 同比19 | Z1: 客运量（千人次） | AA1: 同比上年 | AB1: 同比19 | AC1: 客运量:国内 | AD1: 同比上年 | AE1: 同比19 | AF1: 客运量:国际 | AG1: 同比上年 | AH1: 同比19 | AI1: 客运量:地区 | AJ1: 同比上年 | AK1: 同比19 | AL1: 客座率 | AM1: 同比上年 | AN1: 同比19 | AO1: 客座率:国内 | AP1: 同比上年 | AQ1: 同比19 | AR1: 客座率:国际 | AS1: 同比上年 | AT1: 同比19 | AU1: 客座率:地区 | AV1: 同比上年 | AW1: 同比19 | AX1: 运营飞机数 | AY1: 同比上年 | AZ1: 同比19
A2: 频率 | B2: 月 | E2: 月 | H2: 月 | K2: 月 | N2: 月 | Q2: 月 | T2: 月 | W2: 月 | Z2: 月 | AC2: 月 | AF2: 月 | AI2: 月 | AL2: 月 | AO2: 月 | AR2: 月 | AU2: 月
B3: ASK | E3: Domestic | H3: International | K3: Regional | N3: RPK | Q3: Domestic | T3: International | W3: Regional | Z3: Pax volume | AC3: Domestic | AF3: International | AI3: Regional | AL3: PLF | AO3: Domestic | AR3: International | AU3: Regional
A4: 41670 | B4: =南航自动更新!B154 -> 17392.78 | E4: =南航自动更新!C154 -> 13175.67 | H4: =南航自动更新!D154 -> 3861.34 | K4: =南航自动更新!E154 -> 355.78 | N4: =南航自动更新!F154 -> 13703.67 | Q4: =南航自动更新!G154 -> 10456.44 | T4: =南航自动更新!H154 -> 3004.42 | W4: =南航自动更新!I154 -> 242.81 | Z4: =南航自动更新!J154 -> 8064.37 | AC4: =南航自动更新!K154 -> 7136.69 | AF4: =南航自动更新!L154 -> 737.53 | AI4: =南航自动更新!M154 -> 190.15 | AL4: =南航自动更新!N154 -> 78.8 | AO4: =南航自动更新!O154 -> 79.4 | AR4: =南航自动更新!P154 -> 77.8 | AU4: =南航自动更新!Q154 -> 68.2 | AX4: =南航自动更新!R154 -> 0
A5: 41698 | B5: =南航自动更新!B155 -> 16291.4 | E5: =南航自动更新!C155 -> 12453.16 | H5: =南航自动更新!D155 -> 3508.26 | K5: =南航自动更新!E155 -> 329.98 | N5: =南航自动更新!F155 -> 13622.57 | Q5: =南航自动更新!G155 -> 10632.03 | T5: =南航自动更新!H155 -> 2742.79 | W5: =南航自动更新!I155 -> 247.74 | Z5: =南航自动更新!J155 -> 8119.94 | AC5: =南航自动更新!K155 -> 7214.23 | AF5: =南航自动更新!L155 -> 713.21 | AI5: =南航自动更新!M155 -> 192.5 | AL5: =南航自动更新!N155 -> 83.62 | AO5: =南航自动更新!O155 -> 85.38 | AR5: =南航自动更新!P155 -> 78.18 | AU5: =南航自动更新!Q155 -> 75.08 | AX5: =南航自动更新!R155 -> 0
A6: 41729 | B6: =南航自动更新!B156 -> 16516.43 | E6: =南航自动更新!C156 -> 12656.77 | H6: =南航自动更新!D156 -> 3525.76 | K6: =南航自动更新!E156 -> 333.9 | N6: =南航自动更新!F156 -> 12878.98 | Q6: =南航自动更新!G156 -> 9980.46 | T6: =南航自动更新!H156 -> 2652.18 | W6: =南航自动更新!I156 -> 246.34 | Z6: =南航自动更新!J156 -> 7776.95 | AC6: =南航自动更新!K156 -> 6907.97 | AF6: =南航自动更新!L156 -> 684.26 | AI6: =南航自动更新!M156 -> 184.72 | AL6: =南航自动更新!N156 -> 77.98 | AO6: =南航自动更新!O156 -> 78.85 | AR6: =南航自动更新!P156 -> 75.22 | AU6: =南航自动更新!Q156 -> 73.78 | AX6: =南航自动更新!R156 -> 0
A7: 41759 | B7: =南航自动更新!B157 -> 16111.46 | E7: =南航自动更新!C157 -> 12335.24 | H7: =南航自动更新!D157 -> 3403.01 | K7: =南航自动更新!E157 -> 373.22 | N7: =南航自动更新!F157 -> 12807.55 | Q7: =南航自动更新!G157 -> 9851.16 | T7: =南航自动更新!H157 -> 2674.7 | W7: =南航自动更新!I157 -> 281.69 | Z7: =南航自动更新!J157 -> 7915.46 | AC7: =南航自动更新!K157 -> 7001.39 | AF7: =南航自动更新!L157 -> 702.68 | AI7: =南航自动更新!M157 -> 211.39 | AL7: =南航自动更新!N157 -> 79.49 | AO7: =南航自动更新!O157 -> 79.86 | AR7: =南航自动更新!P157 -> 78.6 | AU7: =南航自动更新!Q157 -> 75.48 | AX7: =南航自动更新!R157 -> 0
A8: 41790 | B8: =南航自动更新!B158 -> 16257.53 | E8: =南航自动更新!C158 -> 12497.14 | H8: =南航自动更新!D158 -> 3376.85 | K8: =南航自动更新!E158 -> 383.54 | N8: =南航自动更新!F158 -> 12608.99 | Q8: =南航自动更新!G158 -> 9801.15 | T8: =南航自动更新!H158 -> 2532.93 | W8: =南航自动更新!I158 -> 274.91 | Z8: =南航自动更新!J158 -> 7863.87 | AC8: =南航自动更新!K158 -> 7010.85 | AF8: =南航自动更新!L158 -> 651.44 | AI8: =南航自动更新!M158 -> 201.58 | AL8: =南航自动更新!N158 -> 77.56 | AO8: =南航自动更新!O158 -> 78.43 | AR8: =南航自动更新!P158 -> 75.01 | AU8: =南航自动更新!Q158 -> 71.68 | AX8: =南航自动更新!R158 -> 0
A9: 41820 | B9: =南航自动更新!B159 -> 15814.08 | E9: =南航自动更新!C159 -> 12239.75 | H9: =南航自动更新!D159 -> 3215.94 | K9: =南航自动更新!E159 -> 358.4 | N9: =南航自动更新!F159 -> 12317.56 | Q9: =南航自动更新!G159 -> 9581.59 | T9: =南航自动更新!H159 -> 2473.34 | W9: =南航自动更新!I159 -> 262.63 | Z9: =南航自动更新!J159 -> 7644.58 | AC9: =南航自动更新!K159 -> 6837.11 | AF9: =南航自动更新!L159 -> 616.52 | AI9: =南航自动更新!M159 -> 190.95 | AL9: =南航自动更新!N159 -> 77.9 | AO9: =南航自动更新!O159 -> 78.3 | AR9: =南航自动更新!P159 -> 76.9 | AU9: =南航自动更新!Q159 -> 73.3 | AX9: =南航自动更新!R159 -> 0
A10: 41851 | B10: =南航自动更新!B160 -> 19019.31 | E10: =南航自动更新!C160 -> 14849.91 | H10: =南航自动更新!D160 -> 3781.86 | K10: =南航自动更新!E160 -> 387.54 | N10: =南航自动更新!F160 -> 15256.42 | Q10: =南航自动更新!G160 -> 11889.79 | T10: =南航自动更新!H160 -> 3078.03 | W10: =南航自动更新!I160 -> 288.6 | Z10: =南航自动更新!J160 -> 9458.5 | AC10: =南航自动更新!K160 -> 8427.69 | AF10: =南航自动更新!L160 -> 816.56 | AI10: =南航自动更新!M160 -> 214.25 | AL10: =南航自动更新!N160 -> 80.22 | AO10: =南航自动更新!O160 -> 80.07 | AR10: =南航自动更新!P160 -> 81.39 | AU10: =南航自动更新!Q160 -> 74.47 | AX10: =南航自动更新!R160 -> 0
A11: 41882 | B11: =南航自动更新!B161 -> 19782.35 | E11: =南航自动更新!C161 -> 15334.36 | H11: =南航自动更新!D161 -> 4074.34 | K11: =南航自动更新!E161 -> 373.64 | N11: =南航自动更新!F161 -> 16076.05 | Q11: =南航自动更新!G161 -> 12333.56 | T11: =南航自动更新!H161 -> 3465.98 | W11: =南航自动更新!I161 -> 276.51 | Z11: =南航自动更新!J161 -> 9883.59 | AC11: =南航自动更新!K161 -> 8740.38 | AF11: =南航自动更新!L161 -> 934.72 | AI11: =南航自动更新!M161 -> 208.5 | AL11: =南航自动更新!N161 -> 81.26 | AO11: =南航自动更新!O161 -> 80.43 | AR11: =南航自动更新!P161 -> 85.07 | AU11: =南航自动更新!Q161 -> 74.01 | AX11: =南航自动更新!R161 -> 0
A12: 41912 | B12: =南航自动更新!B162 -> 17990.68 | E12: =南航自动更新!C162 -> 13803.26 | H12: =南航自动更新!D162 -> 3832.22 | K12: =南航自动更新!E162 -> 355.2 | N12: =南航自动更新!F162 -> 14216.46 | Q12: =南航自动更新!G162 -> 10836.77 | T12: =南航自动更新!H162 -> 3123.42 | W12: =南航自动更新!I162 -> 256.27 | Z12: =南航自动更新!J162 -> 8584.88 | AC12: =南航自动更新!K162 -> 7598.79 | AF12: =南航自动更新!L162 -> 799.38 | AI12: =南航自动更新!M162 -> 186.71 | AL12: =南航自动更新!N162 -> 79.02 | AO12: =南航自动更新!O162 -> 78.51 | AR12: =南航自动更新!P162 -> 81.5 | AU12: =南航自动更新!Q162 -> 72.15 | AX12: =南航自动更新!R162 -> 0
A13: 41943 | B13: =南航自动更新!B163 -> 18649.94 | E13: =南航自动更新!C163 -> 14214.6 | H13: =南航自动更新!D163 -> 4050.87 | K13: =南航自动更新!E163 -> 384.47 | N13: =南航自动更新!F163 -> 14764.03 | Q13: =南航自动更新!G163 -> 11202.94 | T13: =南航自动更新!H163 -> 3280.64 | W13: =南航自动更新!I163 -> 280.45 | Z13: =南航自动更新!J163 -> 8964.08 | AC13: =南航自动更新!K163 -> 7914.27 | AF13: =南航自动更新!L163 -> 845.67 | AI13: =南航自动更新!M163 -> 204.14 | AL13: =南航自动更新!N163 -> 79.16 | AO13: =南航自动更新!O163 -> 78.81 | AR13: =南航自动更新!P163 -> 80.99 | AU13: =南航自动更新!Q163 -> 72.95 | AX13: =南航自动更新!R163 -> 0
A14: 41973 | B14: =南航自动更新!B164 -> 17655.69 | E14: =南航自动更新!C164 -> 13285.69 | H14: =南航自动更新!D164 -> 4000.11 | K14: =南航自动更新!E164 -> 369.89 | N14: =南航自动更新!F164 -> 14049.27 | Q14: =南航自动更新!G164 -> 10585.65 | T14: =南航自动更新!H164 -> 3190.32 | W14: =南航自动更新!I164 -> 273.31 | Z14: =南航自动更新!J164 -> 8318.05 | AC14: =南航自动更新!K164 -> 7315.63 | AF14: =南航自动更新!L164 -> 807.29 | AI14: =南航自动更新!M164 -> 195.13 | AL14: =南航自动更新!N164 -> 79.57 | AO14: =南航自动更新!O164 -> 79.68 | AR14: =南航自动更新!P164 -> 79.76 | AU14: =南航自动更新!Q164 -> 73.89 | AX14: =南航自动更新!R164 -> 0
A15: 42004 | B15: =南航自动更新!B165 -> 18401.96 | E15: =南航自动更新!C165 -> 13654.17 | H15: =南航自动更新!D165 -> 4364.99 | K15: =南航自动更新!E165 -> 382.79 | N15: =南航自动更新!F165 -> 14322.49 | Q15: =南航自动更新!G165 -> 10520.59 | T15: =南航自动更新!H165 -> 3512.69 | W15: =南航自动更新!I165 -> 289.21 | Z15: =南航自动更新!J165 -> 8319.72 | AC15: =南航自动更新!K165 -> 7250.91 | AF15: =南航自动更新!L165 -> 861.03 | AI15: =南航自动更新!M165 -> 207.77 | AL15: =南航自动更新!N165 -> 77.83 | AO15: =南航自动更新!O165 -> 77.05 | AR15: =南航自动更新!P165 -> 80.47 | AU15: =南航自动更新!Q165 -> 75.55 | AX15: =南航自动更新!R165 -> 0
A16: 42035 | B16: =南航自动更新!B166 -> 18820.46 | C16: =B16/B4-1 -> 0.082084635 | E16: =南航自动更新!C166 -> 13887.41 | F16: =E16/E4-1 -> 0.054019264 | H16: =南航自动更新!D166 -> 4545.82 | I16: =H16/H4-1 -> 0.17726489 | K16: =南航自动更新!E166 -> 387.23 | L16: =K16/K4-1 -> 0.088397324 | N16: =南航自动更新!F166 -> 14741.89 | O16: =N16/N4-1 -> 0.075762186 | Q16: =南航自动更新!G166 -> 10853.34 | R16: =Q16/Q4-1 -> 0.037957469 | T16: =南航自动更新!H166 -> 3604.97 | U16: =T16/T4-1 -> 0.19988883 | W16: =南航自动更新!I166 -> 283.58 | X16: =W16/W4-1 -> 0.16790906 | Z16: =南航自动更新!J166 -> 8378.45 | AA16: =Z16/Z4-1 -> 0.038946626 | AC16: =南航自动更新!K166 -> 7294.68 | AD16: =AC16/AC4-1 -> 0.022137714 | AF16: =南航自动更新!L166 -> 882.14 | AG16: =AF16/AF4-1 -> 0.19607338 | AI16: =南航自动更新!M166 -> 201.62 | AJ16: =AI16/AI4-1 -> 0.060320799 | AL16: =南航自动更新!N166 -> 78.33 | AM16: =AL16-AL4 -> -0.47 | AO16: =南航自动更新!O166 -> 78.15 | AP16: =AO16-AO4 -> -1.25 | AR16: =南航自动更新!P166 -> 79.3 | AS16: =AR16-AR4 -> 1.5 | AU16: =南航自动更新!Q166 -> 73.23 | AV16: =AU16-AU4 -> 5.03 | AX16: =南航自动更新!R166 -> 0
A17: 42063 | B17: =南航自动更新!B167 -> 18792.86 | C17: =B17/B5-1 -> 0.15354482 | E17: =南航自动更新!C167 -> 13933.5 | F17: =E17/E5-1 -> 0.11887264 | H17: =南航自动更新!D167 -> 4451.16 | I17: =H17/H5-1 -> 0.26876571 | K17: =南航自动更新!E167 -> 408.21 | L17: =K17/K5-1 -> 0.23707497 | N17: =南航自动更新!F167 -> 15626.78 | O17: =N17/N5-1 -> 0.14712422 | Q17: =南航自动更新!G167 -> 11562.17 | R17: =Q17/Q5-1 -> 0.087484704 | T17: =南航自动更新!H167 -> 3755.09 | U17: =T17/T5-1 -> 0.36907674 | W17: =南航自动更新!I167 -> 309.52 | X17: =W17/W5-1 -> 0.24937434 | Z17: =南航自动更新!J167 -> 9064.46 | AA17: =Z17/Z5-1 -> 0.11632106 | AC17: =南航自动更新!K167 -> 7841.45 | AD17: =AC17/AC5-1 -> 0.086942058 | AF17: =南航自动更新!L167 -> 995.24 | AG17: =AF17/AF5-1 -> 0.39543753 | AI17: =南航自动更新!M167 -> 227.78 | AJ17: =AI17/AI5-1 -> 0.18327273 | AL17: =南航自动更新!N167 -> 83.15 | AM17: =AL17-AL5 -> -0.47 | AO17: =南航自动更新!O167 -> 82.98 | AP17: =AO17-AO5 -> -2.4 | AR17: =南航自动更新!P167 -> 84.36 | AS17: =AR17-AR5 -> 6.18 | AU17: =南航自动更新!Q167 -> 75.82 | AV17: =AU17-AU5 -> 0.74 | AX17: =南航自动更新!R167 -> 0
A18: 42094 | B18: =南航自动更新!B168 -> 19442.46 | C18: =B18/B6-1 -> 0.17715874 | E18: =南航自动更新!C168 -> 14606.24 | F18: =E18/E6-1 -> 0.15402587 | H18: =南航自动更新!D168 -> 4449.68 | I18: =H18/H6-1 -> 0.26204847 | K18: =南航自动更新!E168 -> 386.54 | L18: =K18/K6-1 -> 0.15765199 | N18: =南航自动更新!F168 -> 16058.79 | O18: =N18/N6-1 -> 0.24689921 | Q18: =南航自动更新!G168 -> 12167.7 | R18: =Q18/Q6-1 -> 0.21915222 | T18: =南航自动更新!H168 -> 3626.1 | U18: =T18/T6-1 -> 0.36721489 | W18: =南航自动更新!I168 -> 264.99 | X18: =W18/W6-1 -> 0.075708371 | Z18: =南航自动更新!J168 -> 9399.42 | AA18: =Z18/Z6-1 -> 0.20862549 | AC18: =南航自动更新!K168 -> 8266.59 | AD18: =AC18/AC6-1 -> 0.19667428 | AF18: =南航自动更新!L168 -> 938.41 | AG18: =AF18/AF6-1 -> 0.37142314 | AI18: =南航自动更新!M168 -> 194.42 | AJ18: =AI18/AI6-1 -> 0.05251191 | AL18: =南航自动更新!N168 -> 82.6 | AM18: =AL18-AL6 -> 4.62 | AO18: =南航自动更新!O168 -> 83.3 | AP18: =AO18-AO6 -> 4.45 | AR18: =南航自动更新!P168 -> 81.49 | AS18: =AR18-AR6 -> 6.27 | AU18: =南航自动更新!Q168 -> 68.55 | AV18: =AU18-AU6 -> -5.23 | AX18: =南航自动更新!R168 -> 0
A19: 42124 | B19: =南航自动更新!B169 -> 18873.97 | C19: =B19/B7-1 -> 0.17146242 | E19: =南航自动更新!C169 -> 14114.25 | F19: =E19/E7-1 -> 0.14422176 | H19: =南航自动更新!D169 -> 4347.77 | I19: =H19/H7-1 -> 0.27762481 | K19: =南航自动更新!E169 -> 411.96 | L19: =K19/K7-1 -> 0.10379937 | N19: =南航自动更新!F169 -> 15457.62 | O19: =N19/N7-1 -> 0.20691467 | Q19: =南航自动更新!G169 -> 11573.67 | R19: =Q19/Q7-1 -> 0.17485352 | T19: =南航自动更新!H169 -> 3581.64 | U19: =T19/T7-1 -> 0.33908102 | W19: =南航自动更新!I169 -> 302.3 | X19: =W19/W7-1 -> 0.073165537 | Z19: =南航自动更新!J169 -> 9264.03 | AA19: =Z19/Z7-1 -> 0.17037165 | AC19: =南航自动更新!K169 -> 8085.25 | AD19: =AC19/AC7-1 -> 0.1548064 | AF19: =南航自动更新!L169 -> 956.38 | AG19: =AF19/AF7-1 -> 0.36104628 | AI19: =南航自动更新!M169 -> 222.4 | AJ19: =AI19/AI7-1 -> 0.052083826 | AL19: =南航自动更新!N169 -> 81.9 | AM19: =AL19-AL7 -> 2.41 | AO19: =南航自动更新!O169 -> 82 | AP19: =AO19-AO7 -> 2.14 | AR19: =南航自动更新!P169 -> 82.38 | AS19: =AR19-AR7 -> 3.78 | AU19: =南航自动更新!Q169 -> 73.38 | AV19: =AU19-AU7 -> -2.1 | AX19: =南航自动更新!R169 -> 0
A20: 42155 | B20: =南航自动更新!B170 -> 18616.95 | C20: =B20/B8-1 -> 0.14512783 | E20: =南航自动更新!C170 -> 13655.86 | F20: =E20/E8-1 -> 0.092718814 | H20: =南航自动更新!D170 -> 4546.76 | I20: =H20/H8-1 -> 0.34645009 | K20: =南航自动更新!E170 -> 414.33 | L20: =K20/K8-1 -> 0.080278459 | N20: =南航自动更新!F170 -> 14776.7 | O20: =N20/N8-1 -> 0.17191781 | Q20: =南航自动更新!G170 -> 10897.48 | R20: =Q20/Q8-1 -> 0.11185728 | T20: =南航自动更新!H170 -> 3570.61 | U20: =T20/T8-1 -> 0.40967575 | W20: =南航自动更新!I170 -> 308.61 | X20: =W20/W8-1 -> 0.12258557 | Z20: =南航自动更新!J170 -> 8778.35 | AA20: =Z20/Z8-1 -> 0.1162888 | AC20: =南航自动更新!K170 -> 7603.02 | AD20: =AC20/AC8-1 -> 0.084464794 | AF20: =南航自动更新!L170 -> 952.4 | AG20: =AF20/AF8-1 -> 0.46199189 | AI20: =南航自动更新!M170 -> 222.94 | AJ20: =AI20/AI8-1 -> 0.10596289 | AL20: =南航自动更新!N170 -> 79.37 | AM20: =AL20-AL8 -> 1.81 | AO20: =南航自动更新!O170 -> 79.8 | AP20: =AO20-AO8 -> 1.37 | AR20: =南航自动更新!P170 -> 78.53 | AS20: =AR20-AR8 -> 3.52 | AU20: =南航自动更新!Q170 -> 74.49 | AV20: =AU20-AU8 -> 2.81 | AX20: =南航自动更新!R170 -> 0
A21: 42185 | B21: =南航自动更新!B171 -> 18388.6 | C21: =B21/B9-1 -> 0.16279923 | E21: =南航自动更新!C171 -> 13550.01 | F21: =E21/E9-1 -> 0.10704957 | H21: =南航自动更新!D171 -> 4452.39 | I21: =H21/H9-1 -> 0.38447546 | K21: =南航自动更新!E171 -> 386.2 | L21: =K21/K9-1 -> 0.077566964 | N21: =南航自动更新!F171 -> 14669.74 | O21: =N21/N9-1 -> 0.19096152 | Q21: =南航自动更新!G171 -> 10859.87 | R21: =Q21/Q9-1 -> 0.13341001 | T21: =南航自动更新!H171 -> 3531.98 | U21: =T21/T9-1 -> 0.42802041 | W21: =南航自动更新!I171 -> 277.89 | X21: =W21/W9-1 -> 0.058104558 | Z21: =南航自动更新!J171 -> 8593.5 | AA21: =Z21/Z9-1 -> 0.12412978 | AC21: =南航自动更新!K171 -> 7532.16 | AD21: =AC21/AC9-1 -> 0.10165845 | AF21: =南航自动更新!L171 -> 857.25 | AG21: =AF21/AF9-1 -> 0.39046584 | AI21: =南航自动更新!M171 -> 204.1 | AJ21: =AI21/AI9-1 -> 0.068866195 | AL21: =南航自动更新!N171 -> 79.78 | AM21: =AL21-AL9 -> 1.88 | AO21: =南航自动更新!O171 -> 80.15 | AP21: =AO21-AO9 -> 1.85 | AR21: =南航自动更新!P171 -> 79.33 | AS21: =AR21-AR9 -> 2.43 | AU21: =南航自动更新!Q171 -> 71.95 | AV21: =AU21-AU9 -> -1.35 | AX21: =南航自动更新!R171 -> 0
A22: 42216 | B22: =南航自动更新!B172 -> 21249.13 | C22: =B22/B10-1 -> 0.11723979 | E22: =南航自动更新!C172 -> 15707.61 | F22: =E22/E10-1 -> 0.057757926 | H22: =南航自动更新!D172 -> 5136.76 | I22: =H22/H10-1 -> 0.35826287 | K22: =南航自动更新!E172 -> 404.76 | L22: =K22/K10-1 -> 0.044434123 | N22: =南航自动更新!F172 -> 17218 | O22: =N22/N10-1 -> 0.12857407 | Q22: =南航自动更新!G172 -> 12662.23 | R22: =Q22/Q10-1 -> 0.064966665 | T22: =南航自动更新!H172 -> 4248.13 | U22: =T22/T10-1 -> 0.38014574 | W22: =南航自动更新!I172 -> 307.64 | X22: =W22/W10-1 -> 0.065973666 | Z22: =南航自动更新!J172 -> 9950.23 | AA22: =Z22/Z10-1 -> 0.051988159 | AC22: =南航自动更新!K172 -> 8714.87 | AD22: =AC22/AC10-1 -> 0.034075767 | AF22: =南航自动更新!L172 -> 1009.28 | AG22: =AF22/AF10-1 -> 0.2360145 | AI22: =南航自动更新!M172 -> 226.08 | AJ22: =AI22/AI10-1 -> 0.055215869 | AL22: =南航自动更新!N172 -> 81.03 | AM22: =AL22-AL10 -> 0.81 | AO22: =南航自动更新!O172 -> 80.61 | AP22: =AO22-AO10 -> 0.54 | AR22: =南航自动更新!P172 -> 82.7 | AS22: =AR22-AR10 -> 1.31 | AU22: =南航自动更新!Q172 -> 76 | AV22: =AU22-AU10 -> 1.53 | AX22: =南航自动更新!R172 -> 0
A23: 42247 | B23: =南航自动更新!B173 -> 21962.61 | C23: =B23/B11-1 -> 0.11021239 | E23: =南航自动更新!C173 -> 16183.57 | F23: =E23/E11-1 -> 0.055379553 | H23: =南航自动更新!D173 -> 5385.08 | I23: =H23/H11-1 -> 0.32170609 | K23: =南航自动更新!E173 -> 393.96 | L23: =K23/K11-1 -> 0.054383899 | N23: =南航自动更新!F173 -> 18307.48 | O23: =N23/N11-1 -> 0.13880462 | Q23: =南航自动更新!G173 -> 13342.86 | R23: =Q23/Q11-1 -> 0.081833631 | T23: =南航自动更新!H173 -> 4646.42 | U23: =T23/T11-1 -> 0.340579 | W23: =南航自动更新!I173 -> 318.2 | X23: =W23/W11-1 -> 0.15077212 | Z23: =南航自动更新!J173 -> 10568.26 | AA23: =Z23/Z11-1 -> 0.069273412 | AC23: =南航自动更新!K173 -> 9196.37 | AD23: =AC23/AC11-1 -> 0.052170501 | AF23: =南航自动更新!L173 -> 1137.01 | AG23: =AF23/AF11-1 -> 0.21641775 | AI23: =南航自动更新!M173 -> 234.89 | AJ23: =AI23/AI11-1 -> 0.12657074 | AL23: =南航自动更新!N173 -> 83.36 | AM23: =AL23-AL11 -> 2.1 | AO23: =南航自动更新!O173 -> 82.45 | AP23: =AO23-AO11 -> 2.02 | AR23: =南航自动更新!P173 -> 86.28 | AS23: =AR23-AR11 -> 1.21 | AU23: =南航自动更新!Q173 -> 80.77 | AV23: =AU23-AU11 -> 6.76 | AX23: =南航自动更新!R173 -> 0
A24: 42277 | B24: =南航自动更新!B174 -> 20289.57 | C24: =B24/B12-1 -> 0.12778227 | E24: =南航自动更新!C174 -> 14743.83 | F24: =E24/E12-1 -> 0.068141149 | H24: =南航自动更新!D174 -> 5154.51 | I24: =H24/H12-1 -> 0.34504543 | K24: =南航自动更新!E174 -> 391.24 | L24: =K24/K12-1 -> 0.10146396 | N24: =南航自动更新!F174 -> 16108.23 | O24: =N24/N12-1 -> 0.13306899 | Q24: =南航自动更新!G174 -> 11753.86 | R24: =Q24/Q12-1 -> 0.084627615 | T24: =南航自动更新!H174 -> 4067.12 | U24: =T24/T12-1 -> 0.30213676 | W24: =南航自动更新!I174 -> 287.25 | X24: =W24/W12-1 -> 0.12088813 | Z24: =南航自动更新!J174 -> 9193.45 | AA24: =Z24/Z12-1 -> 0.070888586 | AC24: =南航自动更新!K174 -> 8028.12 | AD24: =AC24/AC12-1 -> 0.056499785 | AF24: =南航自动更新!L174 -> 964.26 | AG24: =AF24/AF12-1 -> 0.20625985 | AI24: =南航自动更新!M174 -> 201.07 | AJ24: =AI24/AI12-1 -> 0.076910717 | AL24: =南航自动更新!N174 -> 79.39 | AM24: =AL24-AL12 -> 0.37 | AO24: =南航自动更新!O174 -> 79.72 | AP24: =AO24-AO12 -> 1.21 | AR24: =南航自动更新!P174 -> 78.9 | AS24: =AR24-AR12 -> -2.6 | AU24: =南航自动更新!Q174 -> 73.42 | AV24: =AU24-AU12 -> 1.27 | AX24: =南航自动更新!R174 -> 0
A25: 42308 | B25: =南航自动更新!B175 -> 20563.07 | C25: =B25/B13-1 -> 0.10258103 | E25: =南航自动更新!C175 -> 14704.82 | F25: =E25/E13-1 -> 0.034487077 | H25: =南航自动更新!D175 -> 5450.24 | I25: =H25/H13-1 -> 0.34544925 | K25: =南航自动更新!E175 -> 408.01 | L25: =K25/K13-1 -> 0.061227144 | N25: =南航自动更新!F175 -> 16560.49 | O25: =N25/N13-1 -> 0.12167816 | Q25: =南航自动更新!G175 -> 12003.26 | R25: =Q25/Q13-1 -> 0.07143839 | T25: =南航自动更新!H175 -> 4248.63 | U25: =T25/T13-1 -> 0.29506133 | W25: =南航自动更新!I175 -> 308.61 | X25: =W25/W13-1 -> 0.10041006 | Z25: =南航自动更新!J175 -> 9545.85 | AA25: =Z25/Z13-1 -> 0.064900135 | AC25: =南航自动更新!K175 -> 8290.99 | AD25: =AC25/AC13-1 -> 0.047600095 | AF25: =南航自动更新!L175 -> 1031.1 | AG25: =AF25/AF13-1 -> 0.21926993 | AI25: =南航自动更新!M175 -> 223.76 | AJ25: =AI25/AI13-1 -> 0.096110512 | AL25: =南航自动更新!N175 -> 80.54 | AM25: =AL25-AL13 -> 1.38 | AO25: =南航自动更新!O175 -> 81.63 | AP25: =AO25-AO13 -> 2.82 | AR25: =南航自动更新!P175 -> 77.95 | AS25: =AR25-AR13 -> -3.04 | AU25: =南航自动更新!Q175 -> 75.64 | AV25: =AU25-AU13 -> 2.69 | AX25: =南航自动更新!R175 -> 0
A26: 42338 | B26: =南航自动更新!B176 -> 19057.99 | C26: =B26/B14-1 -> 0.07942482 | E26: =南航自动更新!C176 -> 13421.47 | F26: =E26/E14-1 -> 0.010220019 | H26: =南航自动更新!D176 -> 5243.85 | I26: =H26/H14-1 -> 0.31092645 | K26: =南航自动更新!E176 -> 392.67 | L26: =K26/K14-1 -> 0.061585877 | N26: =南航自动更新!F176 -> 14968.71 | O26: =N26/N14-1 -> 0.06544397 | Q26: =南航自动更新!G176 -> 10655.14 | R26: =Q26/Q14-1 -> 0.0065645473 | T26: =南航自动更新!H176 -> 4021.06 | U26: =T26/T14-1 -> 0.26039394 | W26: =南航自动更新!I176 -> 292.51 | X26: =W26/W14-1 -> 0.070249899 | Z26: =南航自动更新!J176 -> 8428.67 | AA26: =Z26/Z14-1 -> 0.01329879 | AC26: =南航自动更新!K176 -> 7246.66 | AD26: =AC26/AC14-1 -> -0.0094277595 | AF26: =南航自动更新!L176 -> 968.04 | AG26: =AF26/AF14-1 -> 0.19912299 | AI26: =南航自动更新!M176 -> 213.98 | AJ26: =AI26/AI14-1 -> 0.096602265 | AL26: =南航自动更新!N176 -> 78.54 | AM26: =AL26-AL14 -> -1.03 | AO26: =南航自动更新!O176 -> 79.39 | AP26: =AO26-AO14 -> -0.29 | AR26: =南航自动更新!P176 -> 76.68 | AS26: =AR26-AR14 -> -3.08 | AU26: =南航自动更新!Q176 -> 74.49 | AV26: =AU26-AU14 -> 0.6 | AX26: =南航自动更新!R176 -> 0
A27: 42369 | B27: =南航自动更新!B177 -> 19619.95 | C27: =B27/B15-1 -> 0.066188058 | E27: =南航自动更新!C177 -> 13601.23 | F27: =E27/E15-1 -> -0.0038772038 | H27: =南航自动更新!D177 -> 5646.62 | I27: =H27/H15-1 -> 0.29361579 | K27: =南航自动更新!E177 -> 372.09 | L27: =K27/K15-1 -> -0.027952663 | N27: =南航自动更新!F177 -> 15097.61 | O27: =N27/N15-1 -> 0.054119081 | Q27: =南航自动更新!G177 -> 10403.05 | R27: =Q27/Q15-1 -> -0.011172377 | T27: =南航自动更新!H177 -> 4432.47 | U27: =T27/T15-1 -> 0.26184491 | W27: =南航自动更新!I177 -> 262.1 | X27: =W27/W15-1 -> -0.093738114 | Z27: =南航自动更新!J177 -> 8252.92 | AA27: =Z27/Z15-1 -> -0.0080291164 | AC27: =南航自动更新!K177 -> 7022.19 | AD27: =AC27/AC15-1 -> -0.031543627 | AF27: =南航自动更新!L177 -> 1031.8 | AG27: =AF27/AF15-1 -> 0.19833223 | AI27: =南航自动更新!M177 -> 198.93 | AJ27: =AI27/AI15-1 -> -0.042547047 | AL27: =南航自动更新!N177 -> 76.95 | AM27: =AL27-AL15 -> -0.88 | AO27: =南航自动更新!O177 -> 76.49 | AP27: =AO27-AO15 -> -0.56 | AR27: =南航自动更新!P177 -> 78.5 | AS27: =AR27-AR15 -> -1.97 | AU27: =南航自动更新!Q177 -> 70.44 | AV27: =AU27-AU15 -> -5.11 | AX27: =南航自动更新!R177 -> 0
... A59: 43343 | B59: =南航自动更新!B209 -> 28612.92 | C59: =B59/B47-1 -> 0.13764678 | E59: =南航自动更新!C209 -> 19623.48 | F59: =E59/E47-1 -> 0.12032894 | H59: =南航自动更新!D209 -> 8593.51 | I59: =H59/H47-1 -> 0.17613946 | K59: =南航自动更新!E209 -> 395.93 | L59: =K59/K47-1 -> 0.20482624 | N59: =南航自动更新!F209 -> 24562.91 | O59: =N59/N47-1 -> 0.16476317 | Q59: =南航自动更新!G209 -> 17045.9 | R59: =Q59/Q47-1 -> 0.15877389 | T59: =南航自动更新!H209 -> 7202.63 | U59: =T59/T47-1 -> 0.17887089 | W59: =南航自动更新!I209 -> 314.38 | X59: =W59/W47-1 -> 0.17187908 | Z59: =南航自动更新!J209 -> 13288.87 | AA59: =Z59/Z47-1 -> 0.14356931 | AC59: =南航自动更新!K209 -> 11383.64 | AD59: =AC59/AC47-1 -> 0.13655574 | AF59: =南航自动更新!L209 -> 1667.1 | AG59: =AF59/AF47-1 -> 0.19762071 | AI59: =南航自动更新!M209 -> 238.13 | AJ59: =AI59/AI47-1 -> 0.12008467 | AL59: =南航自动更新!N209 -> 85.85 | AM59: =AL59-AL47 -> 2 | AO59: =南航自动更新!O209 -> 86.86 | AP59: =AO59-AO47 -> 2.88 | AR59: =南航自动更新!P209 -> 83.81 | AS59: =AR59-AR47 -> 0.19 | AU59: =南航自动更新!Q209 -> 79.4 | AV59: =AU59-AU47 -> -2.23 | AX59: =南航自动更新!R209 -> 799
A60: 43373 | B60: =南航自动更新!B210 -> 25995.09 | C60: =B60/B48-1 -> 0.092730206 | E60: =南航自动更新!C210 -> 17925.6 | F60: =E60/E48-1 -> 0.093261708 | H60: =南航自动更新!D210 -> 7699.13 | I60: =H60/H48-1 -> 0.089300166 | K60: =南航自动更新!E210 -> 370.36 | L60: =K60/K48-1 -> 0.14058699 | N60: =南航自动更新!F210 -> 21338.74 | O60: =N60/N48-1 -> 0.11447726 | Q60: =南航自动更新!G210 -> 14828.51 | R60: =Q60/Q48-1 -> 0.11304427 | T60: =南航自动更新!H210 -> 6239.85 | U60: =T60/T48-1 -> 0.11701556 | W60: =南航自动更新!I210 -> 270.39 | X60: =W60/W48-1 -> 0.13513854 | Z60: =南航自动更新!J210 -> 11506.51 | AA60: =Z60/Z48-1 -> 0.097597526 | AC60: =南航自动更新!K210 -> 9905.76 | AD60: =AC60/AC48-1 -> 0.094474461 | AF60: =南航自动更新!L210 -> 1400.03 | AG60: =AF60/AF48-1 -> 0.11971048 | AI60: =南航自动更新!M210 -> 200.72 | AJ60: =AI60/AI48-1 -> 0.10098184 | AL60: =南航自动更新!N210 -> 82.09 | AM60: =AL60-AL48 -> 1.6 | AO60: =南航自动更新!O210 -> 82.72 | AP60: =AO60-AO48 -> 1.47 | AR60: =南航自动更新!P210 -> 81.05 | AS60: =AR60-AR48 -> 2.01 | AU60: =南航自动更新!Q210 -> 73.01 | AV60: =AU60-AU48 -> -0.35 | AX60: =南航自动更新!R210 -> 811 | AY60: =AX60/AX48-1 -> 0.094466937
A61: 43404 | B61: =南航自动更新!B211 -> 27414.57 | C61: =B61/B49-1 -> 0.12398649 | E61: =南航自动更新!C211 -> 18849.09 | F61: =E61/E49-1 -> 0.12921274 | H61: =南航自动更新!D211 -> 8192.28 | I61: =H61/H49-1 -> 0.11317529 | K61: =南航自动更新!E211 -> 373.21 | L61: =K61/K49-1 -> 0.1013693 | N61: =南航自动更新!F211 -> 22643.79 | O61: =N61/N49-1 -> 0.13215384 | Q61: =南航自动更新!G211 -> 15796.5 | R61: =Q61/Q49-1 -> 0.1446847 | T61: =南航自动更新!H211 -> 6575.61 | U61: =T61/T49-1 -> 0.10732196 | W61: =南航自动更新!I211 -> 271.68 | X61: =W61/W49-1 -> 0.035129163 | Z61: =南航自动更新!J211 -> 12358.17 | AA61: =Z61/Z49-1 -> 0.12046613 | AC61: =南航自动更新!K211 -> 10660.11 | AD61: =AC61/AC49-1 -> 0.12251622 | AF61: =南航自动更新!L211 -> 1491.08 | AG61: =AF61/AF49-1 -> 0.12500377 | AI61: =南航自动更新!M211 -> 206.98 | AJ61: =AI61/AI49-1 -> -0.0023617872 | AL61: =南航自动更新!N211 -> 82.6 | AM61: =AL61-AL49 -> 0.6 | AO61: =南航自动更新!O211 -> 83.81 | AP61: =AO61-AO49 -> 1.14 | AR61: =南航自动更新!P211 -> 80.27 | AS61: =AR61-AR49 -> -0.42 | AU61: =南航自动更新!Q211 -> 72.8 | AV61: =AU61-AU49 -> -4.65 | AX61: =南航自动更新!R211 -> 817 | AY61: =AX61/AX49-1 -> 0.095174263
A62: 43434 | B62: =南航自动更新!B212 -> 26274.11 | C62: =B62/B50-1 -> 0.1221155 | E62: =南航自动更新!C212 -> 18237.52 | F62: =E62/E50-1 -> 0.11312852 | H62: =南航自动更新!D212 -> 7677.56 | I62: =H62/H50-1 -> 0.14367176 | K62: =南航自动更新!E212 -> 359.03 | L62: =K62/K50-1 -> 0.13009128 | N62: =南航自动更新!F212 -> 21167.17 | O62: =N62/N50-1 -> 0.098283864 | Q62: =南航自动更新!G212 -> 14717.01 | R62: =Q62/Q50-1 -> 0.0803061 | T62: =南航自动更新!H212 -> 6170.52 | U62: =T62/T50-1 -> 0.14324146 | W62: =南航自动更新!I212 -> 279.64 | X62: =W62/W50-1 -> 0.10717821 | Z62: =南航自动更新!J212 -> 11425.64 | AA62: =Z62/Z50-1 -> 0.073873671 | AC62: =南航自动更新!K212 -> 9787.34 | AD62: =AC62/AC50-1 -> 0.065355963 | AF62: =南航自动更新!L212 -> 1423.97 | AG62: =AF62/AF50-1 -> 0.13424882 | AI62: =南航自动更新!M212 -> 214.33 | AJ62: =AI62/AI50-1 -> 0.086315256 | AL62: =南航自动更新!N212 -> 80.56 | AM62: =AL62-AL50 -> -1.75 | AO62: =南航自动更新!O212 -> 80.7 | AP62: =AO62-AO50 -> -2.45 | AR62: =南航自动更新!P212 -> 80.37 | AS62: =AR62-AR50 -> -0.03 | AU62: =南航自动更新!Q212 -> 77.89 | AV62: =AU62-AU50 -> -1.61 | AX62: =南航自动更新!R212 -> 827 | AY62: =AX62/AX50-1 -> 0.10413885
A63: 43465 | B63: =南航自动更新!B213 -> 27262.79 | C63: =B63/B51-1 -> 0.10906357 | E63: =南航自动更新!C213 -> 18415.43 | F63: =E63/E51-1 -> 0.098914955 | H63: =南航自动更新!D213 -> 8475.94 | I63: =H63/H51-1 -> 0.13153296 | K63: =南航自动更新!E213 -> 371.42 | L63: =K63/K51-1 -> 0.11430457 | N63: =南航自动更新!F213 -> 22089.69 | O63: =N63/N51-1 -> 0.098101238 | Q63: =南航自动更新!G213 -> 14777.67 | R63: =Q63/Q51-1 -> 0.078150513 | T63: =南航自动更新!H213 -> 7029.36 | U63: =T63/T51-1 -> 0.14240766 | W63: =南航自动更新!I213 -> 282.66 | X63: =W63/W51-1 -> 0.10130133 | Z63: =南航自动更新!J213 -> 11514.33 | AA63: =Z63/Z51-1 -> 0.06934475 | AC63: =南航自动更新!K213 -> 9721.4 | AD63: =AC63/AC51-1 -> 0.05754869 | AF63: =南航自动更新!L213 -> 1574.63 | AG63: =AF63/AF51-1 -> 0.14717946 | AI63: =南航自动更新!M213 -> 218.3 | AJ63: =AI63/AI51-1 -> 0.077279905 | AL63: =南航自动更新!N213 -> 81.03 | AM63: =AL63-AL51 -> -0.8 | AO63: =南航自动更新!O213 -> 80.25 | AP63: =AO63-AO51 -> -1.54 | AR63: =南航自动更新!P213 -> 82.93 | AS63: =AR63-AR51 -> 0.79 | AU63: =南航自动更新!Q213 -> 76.1 | AV63: =AU63-AU51 -> -0.9 | AX63: =南航自动更新!R213 -> 840 | AY63: =AX63/AX51-1 -> 0.11405836
A64: 43496 | B64: =南航自动更新!B214 -> 28843.76 | C64: =B64/B52-1 -> 0.16525755 | E64: =南航自动更新!C214 -> 19509.65 | F64: =E64/E52-1 -> 0.15893082 | H64: =南航自动更新!D214 -> 8947.15 | I64: =H64/H52-1 -> 0.17809209 | K64: =南航自动更新!E214 -> 386.95 | L64: =K64/K52-1 -> 0.19307495 | N64: =南航自动更新!F214 -> 23197.09 | O64: =N64/N52-1 -> 0.17030178 | Q64: =南航自动更新!G214 -> 15468.55 | R64: =Q64/Q52-1 -> 0.14547063 | T64: =南航自动更新!H214 -> 7444.89 | U64: =T64/T52-1 -> 0.22388862 | W64: =南航自动更新!I214 -> 283.66 | X64: =W64/W52-1 -> 0.21025685 | Z64: =南航自动更新!J214 -> 11985.16 | AA64: =Z64/Z52-1 -> 0.14008223 | AC64: =南航自动更新!K214 -> 10093.85 | AD64: =AC64/AC52-1 -> 0.12996466 | AF64: =南航自动更新!L214 -> 1676.4 | AG64: =AF64/AF52-1 -> 0.20266014 | AI64: =南航自动更新!M214 -> 214.91 | AJ64: =AI64/AI52-1 -> 0.1569852 | AL64: =南航自动更新!N214 -> 80.42 | AM64: =AL64-AL52 -> 0.34 | AO64: =南航自动更新!O214 -> 79.29 | AP64: =AO64-AO52 -> -0.93 | AR64: =南航自动更新!P214 -> 83.21 | AS64: =AR64-AR52 -> 3.11 | AU64: =南航自动更新!Q214 -> 73.31 | AV64: =AU64-AU52 -> 1.04 | AX64: =南航自动更新!R214 -> 844 | AY64: =AX64/AX52-1 -> 0.11788079
A65: 43524 | B65: =南航自动更新!B215 -> 27244.98 | C65: =B65/B53-1 -> 0.10642613 | E65: =南航自动更新!C215 -> 18781.6 | F65: =E65/E53-1 -> 0.10019987 | H65: =南航自动更新!D215 -> 8081.68 | I65: =H65/H53-1 -> 0.12218436 | K65: =南航自动更新!E215 -> 381.7 | L65: =K65/K53-1 -> 0.085917496 | N65: =南航自动更新!F215 -> 23216.42 | O65: =N65/N53-1 -> 0.12929339 | Q65: =南航自动更新!G215 -> 16069.05 | R65: =Q65/Q53-1 -> 0.12973372 | T65: =南航自动更新!H215 -> 6853.9 | U65: =T65/T53-1 -> 0.12817314 | W65: =南航自动更新!I215 -> 293.47 | X65: =W65/W53-1 -> 0.13138517 | Z65: =南航自动更新!J215 -> 12236.25 | AA65: =Z65/Z53-1 -> 0.10596073 | AC65: =南航自动更新!K215 -> 10392.28 | AD65: =AC65/AC53-1 -> 0.10742194 | AF65: =南航自动更新!L215 -> 1614.3 | AG65: =AF65/AF53-1 -> 0.095829967 | AI65: =南航自动更新!M215 -> 229.67 | AJ65: =AI65/AI53-1 -> 0.1118265 | AL65: =南航自动更新!N215 -> 85.21 | AM65: =AL65-AL53 -> 1.72 | AO65: =南航自动更新!O215 -> 85.56 | AP65: =AO65-AO53 -> 2.24 | AR65: =南航自动更新!P215 -> 84.81 | AS65: =AR65-AR53 -> 0.45 | AU65: =南航自动更新!Q215 -> 76.88 | AV65: =AU65-AU53 -> 3.09 | AX65: =南航自动更新!R215 -> 843 | AY65: =AX65/AX53-1 -> 0.11067194
A66: 43555 | B66: =南航自动更新!B216 -> 27423.87 | C66: =B66/B54-1 -> 0.073115328 | E66: =南航自动更新!C216 -> 18885.64 | F66: =E66/E54-1 -> 0.057879182 | H66: =南航自动更新!D216 -> 8162.16 | I66: =H66/H54-1 -> 0.11003733 | K66: =南航自动更新!E216 -> 376.07 | L66: =K66/K54-1 -> 0.074547117 | N66: =南航自动更新!F216 -> 22801.9 | O66: =N66/N54-1 -> 0.067639136 | Q66: =南航自动更新!G216 -> 15669.67 | R66: =Q66/Q54-1 -> 0.046043576 | T66: =南航自动更新!H216 -> 6837.08 | U66: =T66/T54-1 -> 0.11742555 | W66: =南航自动更新!I216 -> 295.16 | X66: =W66/W54-1 -> 0.14058273 | Z66: =南航自动更新!J216 -> 12156.66 | AA66: =Z66/Z54-1 -> 0.041354681 | AC66: =南航自动更新!K216 -> 10299.85 | AD66: =AC66/AC54-1 -> 0.029565967 | AF66: =南航自动更新!L216 -> 1630.46 | AG66: =AF66/AF54-1 -> 0.11161411 | AI66: =南航自动更新!M216 -> 226.34 | AJ66: =AI66/AI54-1 -> 0.11459103 | AL66: =南航自动更新!N216 -> 83.15 | AM66: =AL66-AL54 -> -0.42 | AO66: =南航自动更新!O216 -> 82.97 | AP66: =AO66-AO54 -> -0.94 | AR66: =南航自动更新!P216 -> 83.77 | AS66: =AR66-AR54 -> 0.56 | AU66: =南航自动更新!Q216 -> 78.49 | AV66: =AU66-AU54 -> 4.55 | AX66: =南航自动更新!R216 -> 847 | AY66: =AX66/AX54-1 -> 0.10430248
A67: 43585 | B67: =南航自动更新!B217 -> 27101.2 | C67: =B67/B55-1 -> 0.079616821 | E67: =南航自动更新!C217 -> 18261.98 | F67: =E67/E55-1 -> 0.052925992 | H67: =南航自动更新!D217 -> 8448.87 | I67: =H67/H55-1 -> 0.14130272 | K67: =南航自动更新!E217 -> 390.34 | L67: =K67/K55-1 -> 0.097231202 | N67: =南航自动更新!F217 -> 22489.92 | O67: =N67/N55-1 -> 0.06291094 | Q67: =南航自动更新!G217 -> 15141.91 | R67: =Q67/Q55-1 -> 0.032542817 | T67: =南航自动更新!H217 -> 7042.29 | U67: =T67/T55-1 -> 0.1334255 | W67: =南航自动更新!I217 -> 305.72 | X67: =W67/W55-1 -> 0.088630132 | Z67: =南航自动更新!J217 -> 11943.5 | AA67: =Z67/Z55-1 -> 0.03213457 | AC67: =南航自动更新!K217 -> 10049.17 | AD67: =AC67/AC55-1 -> 0.020218233 | AF67: =南航自动更新!L217 -> 1660.69 | AG67: =AF67/AF55-1 -> 0.10350716 | AI67: =南航自动更新!M217 -> 233.64 | AJ67: =AI67/AI55-1 -> 0.078122837 | AL67: =南航自动更新!N217 -> 82.98 | AM67: =AL67-AL55 -> -1.31 | AO67: =南航自动更新!O217 -> 82.91 | AP67: =AO67-AO55 -> -1.64 | AR67: =南航自动更新!P217 -> 83.35 | AS67: =AR67-AR55 -> -0.58 | AU67: =南航自动更新!Q217 -> 78.32 | AV67: =AU67-AU55 -> -0.62 | AX67: =南航自动更新!R217 -> 851 | AY67: =AX67/AX55-1 -> 0.10807292
A68: 43616 | B68: =南航自动更新!B218 -> 27936.74 | C68: =B68/B56-1 -> 0.08711517 | E68: =南航自动更新!C218 -> 19149.34 | F68: =E68/E56-1 -> 0.072693601 | H68: =南航自动更新!D218 -> 8368.52 | I68: =H68/H56-1 -> 0.11918409 | K68: =南航自动更新!E218 -> 418.88 | L68: =K68/K56-1 -> 0.13496085 | N68: =南航自动更新!F218 -> 22742.04 | O68: =N68/N56-1 -> 0.095336808 | Q68: =南航自动更新!G218 -> 15665.78 | R68: =Q68/Q56-1 -> 0.080207908 | T68: =南航自动更新!H218 -> 6757.93 | U68: =T68/T56-1 -> 0.12894458 | W68: =南航自动更新!I218 -> 318.33 | X68: =W68/W56-1 -> 0.16187313 | Z68: =南航自动更新!J218 -> 12310.53 | AA68: =Z68/Z56-1 -> 0.077616565 | AC68: =南航自动更新!K218 -> 10470.58 | AD68: =AC68/AC56-1 -> 0.069821665 | AF68: =南航自动更新!L218 -> 1606.23 | AG68: =AF68/AF56-1 -> 0.12440148 | AI68: =南航自动更新!M218 -> 233.72 | AJ68: =AI68/AI56-1 -> 0.12300596 | AL68: =南航自动更新!N218 -> 81.41 | AM68: =AL68-AL56 -> 0.62 | AO68: =南航自动更新!O218 -> 81.81 | AP68: =AO68-AO56 -> 0.57 | AR68: =南航自动更新!P218 -> 80.75 | AS68: =AR68-AR56 -> 0.69 | AU68: =南航自动更新!Q218 -> 76 | AV68: =AU68-AU56 -> 1.77 | AX68: =南航自动更新!R218 -> 849 | AY68: =AX68/AX56-1 -> 0.096899225
A69: 43646 | B69: =南航自动更新!B219 -> 27466.8 | C69: =B69/B57-1 -> 0.10444427 | E69: =南航自动更新!C219 -> 18597.14 | F69: =E69/E57-1 -> 0.10027144 | H69: =南航自动更新!D219 -> 8460.82 | I69: =H69/H57-1 -> 0.11188471 | K69: =南航自动更新!E219 -> 408.84 | L69: =K69/K57-1 -> 0.14335254 | N69: =南航自动更新!F219 -> 22763.08 | O69: =N69/N57-1 -> 0.11045102 | Q69: =南航自动更新!G219 -> 15453.2 | R69: =Q69/Q57-1 -> 0.10289169 | T69: =南航自动更新!H219 -> 6995.79 | U69: =T69/T57-1 -> 0.1246618 | W69: =南航自动更新!I219 -> 314.09 | X69: =W69/W57-1 -> 0.17601468 | Z69: =南航自动更新!J219 -> 12140.46 | AA69: =Z69/Z57-1 -> 0.093225948 | AC69: =南航自动更新!K219 -> 10276.4 | AD69: =AC69/AC57-1 -> 0.087647699 | AF69: =南航自动更新!L219 -> 1637.71 | AG69: =AF69/AF57-1 -> 0.12790722 | AI69: =南航自动更新!M219 -> 226.35 | AJ69: =AI69/AI57-1 -> 0.10473913 | AL69: =南航自动更新!N219 -> 82.87 | AM69: =AL69-AL57 -> 0.44 | AO69: =南航自动更新!O219 -> 83.09 | AP69: =AO69-AO57 -> 0.19 | AR69: =南航自动更新!P219 -> 82.68 | AS69: =AR69-AR57 -> 0.93 | AU69: =南航自动更新!Q219 -> 76.82 | AV69: =AU69-AU57 -> 2.13 | AX69: =南航自动更新!R219 -> 849 | AY69: =AX69/AX57-1 -> 0.080152672
A70: 43677 | B70: =南航自动更新!B220 -> 31198.76 | C70: =B70/B58-1 -> 0.10899824 | E70: =南航自动更新!C220 -> 21270.48 | F70: =E70/E58-1 -> 0.10684941 | H70: =南航自动更新!D220 -> 9497.11 | I70: =H70/H58-1 -> 0.11392074 | K70: =南航自动更新!E220 -> 431.17 | L70: =K70/K58-1 -> 0.10726759 | N70: =南航自动更新!F220 -> 25920.33 | O70: =N70/N58-1 -> 0.12178384 | Q70: =南航自动更新!G220 -> 17647.52 | R70: =Q70/Q58-1 -> 0.11118723 | T70: =南航自动更新!H220 -> 7934.12 | U70: =T70/T58-1 -> 0.14576597 | W70: =南航自动更新!I220 -> 338.69 | X70: =W70/W58-1 -> 0.12919251 | Z70: =南航自动更新!J220 -> 13731.03 | AA70: =Z70/Z58-1 -> 0.10403792 | AC70: =南航自动更新!K220 -> 11622.44 | AD70: =AC70/AC58-1 -> 0.093682159 | AF70: =南航自动更新!L220 -> 1857.77 | AG70: =AF70/AF58-1 -> 0.17082409 | AI70: =南航自动更新!M220 -> 250.82 | AJ70: =AI70/AI58-1 -> 0.12228735 | AL70: =南航自动更新!N220 -> 83.08 | AM70: =AL70-AL58 -> 0.95 | AO70: =南航自动更新!O220 -> 82.97 | AP70: =AO70-AO58 -> 0.33 | AR70: =南航自动更新!P220 -> 83.54 | AS70: =AR70-AR58 -> 2.32 | AU70: =南航自动更新!Q220 -> 78.55 | AV70: =AU70-AU58 -> 1.52 | AX70: =南航自动更新!R220 -> 850 | AY70: =AX70/AX58-1 -> 0.073232323
A71: 43708 | B71: =南航自动更新!B221 -> 31521.64 | C71: =B71/B59-1 -> 0.10165757 | E71: =南航自动更新!C221 -> 21495.46 | F71: =E71/E59-1 -> 0.095394904 | H71: =南航自动更新!D221 -> 9642.71 | I71: =H71/H59-1 -> 0.12209214 | K71: =南航自动更新!E221 -> 383.47 | L71: =K71/K59-1 -> -0.031470209 | N71: =南航自动更新!F221 -> 27106.54 | O71: =N71/N59-1 -> 0.10355573 | Q71: =南航自动更新!G221 -> 18523.9 | R71: =Q71/Q59-1 -> 0.086707067 | T71: =南航自动更新!H221 -> 8287.43 | U71: =T71/T59-1 -> 0.15061165 | W71: =南航自动更新!I221 -> 295.22 | X71: =W71/W59-1 -> -0.060945353 | Z71: =南航自动更新!J221 -> 14436.1 | AA71: =Z71/Z59-1 -> 0.086330139 | AC71: =南航自动更新!K221 -> 12247.14 | AD71: =AC71/AC59-1 -> 0.075854472 | AF71: =南航自动更新!L221 -> 1969.65 | AG71: =AF71/AF59-1 -> 0.18148281 | AI71: =南航自动更新!M221 -> 219.31 | AJ71: =AI71/AI59-1 -> -0.079032461 | AL71: =南航自动更新!N221 -> 85.99 | AM71: =AL71-AL59 -> 0.14 | AO71: =南航自动更新!O221 -> 86.18 | AP71: =AO71-AO59 -> -0.68 | AR71: =南航自动更新!P221 -> 85.94 | AS71: =AR71-AR59 -> 2.13 | AU71: =南航自动更新!Q221 -> 76.99 | AV71: =AU71-AU59 -> -2.41 | AX71: =南航自动更新!R221 -> 852 | AY71: =AX71/AX59-1 -> 0.066332916
... A111: 44896 | B111: =南航自动更新!B261 -> 11265.61 | C111: =B111/B99-1 -> -0.25043847 | E111: =南航自动更新!C261 -> 10164.38 | F111: =E111/E99-1 -> -0.29090454 | H111: =南航自动更新!D261 -> 1026.96 | I111: =H111/H99-1 -> 0.54293183 | K111: =南航自动更新!E261 -> 74.27 | L111: =K111/K99-1 -> 1.4989906 | N111: =南航自动更新!F261 -> 7495.55 | O111: =N111/N99-1 -> -0.23177246 | Q111: =南航自动更新!G261 -> 6793.81 | R111: =Q111/Q99-1 -> -0.27650382 | T111: =南航自动更新!H261 -> 671.71 | U111: =T111/T99-1 -> 0.87665186 | W111: =南航自动更新!I261 -> 30.03 | X111: =W111/W99-1 -> 2.4280822 | Z111: =南航自动更新!J261 -> 4276.01 | AA111: =Z111/Z99-1 -> -0.30835536 | AC111: =南航自动更新!K261 -> 4132.64 | AD111: =AC111/AC99-1 -> -0.32487764 | AF111: =南航自动更新!L261 -> 117.95 | AG111: =AF111/AF99-1 -> 1.2587131 | AI111: =南航自动更新!M261 -> 25.42 | AJ111: =AI111/AI99-1 -> 1.8755656 | AL111: =南航自动更新!N261 -> 66.53 | AM111: =AL111-AL99 -> 1.61 | AO111: =南航自动更新!O261 -> 66.84 | AP111: =AO111-AO99 -> 1.33 | AR111: =南航自动更新!P261 -> 65.41 | AS111: =AR111-AR99 -> 11.63 | AU111: =南航自动更新!Q261 -> 40.43 | AV111: =AU111-AU99 -> 10.94 | AX111: =南航自动更新!R261 -> 894 | AY111: =AX111/AX99-1 -> 0.018223235
A112: 44927 | B112: =南航自动更新!B262 -> 21615.57 | C112: =B112/B100-1 -> 0.25350598 | D112: =B112/B64-1 -> -0.25059805 | E112: =南航自动更新!C262 -> 20343.06 | F112: =E112/E100-1 -> 0.22015069 | G112: =E112/E64-1 -> 0.042717835 | H112: =南航自动更新!D262 -> 1164.56 | I112: =H112/H100-1 -> 1.143099 | J112: =H112/H64-1 -> -0.86984012 | K112: =南航自动更新!E262 -> 107.95 | L112: =K112/K100-1 -> 2.8402704 | M112: =K112/K64-1 -> -0.72102339 | N112: =南航自动更新!F262 -> 15707.5 | O112: =N112/N100-1 -> 0.44609249 | P112: =N112/N64-1 -> -0.32286765 | Q112: =南航自动更新!G262 -> 14797.69 | R112: =Q112/Q100-1 -> 0.39931933 | S112: =Q112/Q64-1 -> -0.043369288 | T112: =南航自动更新!H262 -> 843.09 | U112: =T112/T100-1 -> 2.0394765 | V112: =T112/T64-1 -> -0.88675588 | W112: =南航自动更新!I262 -> 66.72 | X112: =W112/W100-1 -> 5.8571429 | Y112: =W112/W64-1 -> -0.76478883 | Z112: =南航自动更新!J262 -> 9433.92 | AA112: =Z112/Z100-1 -> 0.41238188 | AB112: =Z112/Z64-1 -> -0.21286658 | AC112: =南航自动更新!K262 -> 9211.1 | AD112: =AC112/AC100-1 -> 0.38984284 | AE112: =AC112/AC64-1 -> -0.087454242 | AF112: =南航自动更新!L262 -> 161.93 | AG112: =AF112/AF100-1 -> 2.8563944 | AH112: =AF112/AF64-1 -> -0.90340611 | AI112: =南航自动更新!M262 -> 60.88 | AJ112: =AI112/AI100-1 -> 5.0758483 | AK112: =AI112/AI64-1 -> -0.71671863 | AL112: =南航自动更新!N262 -> 72.67 | AM112: =AL112-AL100 -> 9.68 | AN112: =AL112-AL64 -> -7.75 | AO112: =南航自动更新!O262 -> 72.74 | AP112: =AO112-AO100 -> 9.31 | AQ112: =AO112-AO64 -> -6.55 | AR112: =南航自动更新!P262 -> 72.4 | AS112: =AR112-AR100 -> 21.36 | AT112: =AR112-AR64 -> -10.81 | AU112: =南航自动更新!Q262 -> 61.8 | AV112: =AU112-AU100 -> 27.19 | AW112: =AU112-AU64 -> -11.51 | AX112: =南航自动更新!R262 -> 892 | AY112: =AX112/AX100-1 -> 0.017103763 | AZ112: =AX112/AX64-1 -> 0.056872038
A113: 44958 | B113: =南航自动更新!B263 -> 22101.7 | C113: =B113/B101-1 -> 0.27510862 | D113: =B113/B65-1 -> -0.188779 | E113: =南航自动更新!C263 -> 20279.67 | F113: =E113/E101-1 -> 0.19996769 | G113: =E113/E65-1 -> 0.07976264 | H113: =南航自动更新!D263 -> 1697.29 | I113: =H113/H101-1 -> 3.1700408 | J113: =H113/H65-1 -> -0.78998302 | K113: =南航自动更新!E263 -> 124.74 | L113: =K113/K101-1 -> 3.7995383 | M113: =K113/K65-1 -> -0.67319885 | N113: =南航自动更新!F263 -> 16928.61 | O113: =N113/N101-1 -> 0.43102615 | P113: =N113/N65-1 -> -0.27083461 | Q113: =南航自动更新!G263 -> 15616.24 | R113: =Q113/Q101-1 -> 0.34608834 | S113: =Q113/Q65-1 -> -0.028179015 | T113: =南航自动更新!H263 -> 1224.97 | U113: =T113/T101-1 -> 4.6348958 | V113: =T113/T65-1 -> -0.82127402 | W113: =南航自动更新!I263 -> 87.4 | X113: =W113/W101-1 -> 6.8667867 | Y113: =W113/W65-1 -> -0.70218421 | Z113: =南航自动更新!J263 -> 10099.83 | AA113: =Z113/Z101-1 -> 0.37439019 | AB113: =Z113/Z65-1 -> -0.17459761 | AC113: =南航自动更新!K263 -> 9767.83 | AD113: =AC113/AC101-1 -> 0.33849529 | AE113: =AC113/AC65-1 -> -0.060087873 | AF113: =南航自动更新!L263 -> 256.08 | AG113: =AF113/AF101-1 -> 5.452003 | AH113: =AF113/AF65-1 -> -0.84136778 | AI113: =南航自动更新!M263 -> 75.93 | AJ113: =AI113/AI101-1 -> 5.7373558 | AK113: =AI113/AI65-1 -> -0.66939522 | AL113: =南航自动更新!N263 -> 76.59 | AM113: =AL113-AL101 -> 8.34 | AN113: =AL113-AL65 -> -8.62 | AO113: =南航自动更新!O263 -> 77 | AP113: =AO113-AO101 -> 8.35 | AQ113: =AO113-AO65 -> -8.56 | AR113: =南航自动更新!P263 -> 72.17 | AS113: =AR113-AR101 -> 18.76 | AT113: =AR113-AR65 -> -12.64 | AU113: =南航自动更新!Q263 -> 70.07 | AV113: =AU113-AU101 -> 27.33 | AW113: =AU113-AU65 -> -6.81 | AX113: =南航自动更新!R263 -> 893 | AY113: =AX113/AX101-1 -> 0.014772727 | AZ113: =AX113/AX65-1 -> 0.059311981
A114: 44986 | B114: =南航自动更新!B264 -> 23231.83 | C114: 2.244 | D114: =B114/B66-1 -> -0.15286099 | E114: =南航自动更新!C264 -> 20861.1 | F114: 2.244 | G114: =E114/E66-1 -> 0.10460117 | H114: =南航自动更新!D264 -> 2206.53 | I114: 2.244 | J114: =H114/H66-1 -> -0.72966347 | K114: =南航自动更新!E264 -> 164.2 | L114: 2.244 | M114: =K114/K66-1 -> -0.56337916 | N114: =南航自动更新!F264 -> 17207.27 | O114: 2.244 | P114: =N114/N66-1 -> -0.24535806 | Q114: =南航自动更新!G264 -> 15430.1 | R114: 2.244 | S114: =Q114/Q66-1 -> -0.015288771 | T114: =南航自动更新!H264 -> 1652.58 | U114: 2.244 | V114: =T114/T66-1 -> -0.75829155 | W114: =南航自动更新!I264 -> 124.59 | X114: 2.244 | Y114: =W114/W66-1 -> -0.57788996 | Z114: =南航自动更新!J264 -> 10453.38 | AA114: 2.244 | AB114: =Z114/Z66-1 -> -0.14011085 | AC114: =南航自动更新!K264 -> 9977.3 | AD114: 2.244 | AE114: =AC114/AC66-1 -> -0.03131599 | AF114: =南航自动更新!L264 -> 369.29 | AG114: 2.244 | AH114: =AF114/AF66-1 -> -0.77350564 | AI114: =南航自动更新!M264 -> 106.79 | AJ114: 2.244 | AK114: =AI114/AI66-1 -> -0.52818768 | AL114: =南航自动更新!N264 -> 74.07 | AM114: =AL114-AL102 -> 9.94 | AN114: =AL114-AL66 -> -9.08 | AO114: =南航自动更新!O264 -> 73.97 | AP114: =AO114-AO102 -> 9.39 | AQ114: =AO114-AO66 -> -9 | AR114: =南航自动更新!P264 -> 74.89 | AS114: =AR114-AR102 -> 16.93 | AT114: =AR114-AR66 -> -8.88 | AU114: =南航自动更新!Q264 -> 75.88 | AV114: =AU114-AU102 -> 52.99 | AW114: =AU114-AU66 -> -2.61 | AX114: =南航自动更新!R264 -> 891 | AY114: =AX114/AX102-1 -> 0.013651877 | AZ114: =AX114/AX66-1 -> 0.051948052
A115: 45017 | B115: =南航自动更新!B265 -> 24909.01 | C115: =B115/B103-1 -> 2.8557108 | D115: =B115/B67-1 -> -0.080889038 | E115: =南航自动更新!C265 -> 21766.85 | F115: =E115/E103-1 -> 2.6772924 | G115: =E115/E67-1 -> 0.19192169 | H115: =南航自动更新!D265 -> 2933.05 | I115: =H115/H103-1 -> 4.5585983 | J115: =H115/H67-1 -> -0.65284707 | K115: =南航自动更新!E265 -> 209.11 | L115: =K115/K103-1 -> 14.640239 | M115: =K115/K67-1 -> -0.46428754 | N115: =南航自动更新!F265 -> 18917.33 | O115: =N115/N103-1 -> 4.1223582 | P115: =N115/N67-1 -> -0.15885294 | Q115: =南航自动更新!G265 -> 16566.9 | R115: =Q115/Q103-1 -> 3.9423779 | S115: =Q115/Q67-1 -> 0.094108999 | T115: =南航自动更新!H265 -> 2199.63 | U115: =T115/T103-1 -> 5.5492467 | V115: =T115/T67-1 -> -0.68765416 | W115: =南航自动更新!I265 -> 150.8 | X115: =W115/W103-1 -> 27.944338 | Y115: =W115/W67-1 -> -0.50673819 | Z115: =南航自动更新!J265 -> 11319.72 | AA115: =Z115/Z103-1 -> 4.0423712 | AB115: =Z115/Z67-1 -> -0.052227571 | AC115: =南航自动更新!K265 -> 10663.76 | AD115: =AC115/AC103-1 -> 3.8714767 | AE115: =AC115/AC67-1 -> 0.061158285 | AF115: =南航自动更新!L265 -> 523.21 | AG115: =AF115/AF103-1 -> 9.2529884 | AH115: =AF115/AF67-1 -> -0.68494421 | AI115: =南航自动更新!M265 -> 132.75 | AJ115: =AI115/AI103-1 -> 26.258727 | AK115: =AI115/AI67-1 -> -0.43181818 | AL115: =南航自动更新!N265 -> 75.95 | AM115: =AL115-AL103 -> 18.78 | AN115: =AL115-AL67 -> -7.03 | AO115: =南航自动更新!O265 -> 76.11 | AP115: =AO115-AO103 -> 19.48 | AQ115: =AO115-AO67 -> -6.8 | AR115: =南航自动更新!P265 -> 74.99 | AS115: =AR115-AR103 -> 11.34 | AT115: =AR115-AR67 -> -8.36 | AU115: =南航自动更新!Q265 -> 72.11 | AV115: =AU115-AU103 -> 33.11 | AW115: =AU115-AU67 -> -6.21 | AX115: =南航自动更新!R265 -> 889 | AY115: =AX115/AX103-1 -> 0.012528474 | AZ115: =AX115/AX67-1 -> 0.044653349
A116: 45047 | B116: =南航自动更新!B266 -> 26253.15 | C116: =B116/B104-1 -> 1.810908 | D116: =B116/B68-1 -> -0.060264369 | E116: =南航自动更新!C266 -> 22717.82 | F116: =E116/E104-1 -> 1.5815881 | G116: =E116/E68-1 -> 0.18635003 | H116: =南航自动更新!D266 -> 3326.61 | I116: =H116/H104-1 -> 5.2806517 | J116: =H116/H68-1 -> -0.60248527 | K116: =南航自动更新!E266 -> 208.72 | L116: =K116/K104-1 -> 19.563547 | M116: =K116/K68-1 -> -0.50171887 | N116: =南航自动更新!F266 -> 19756.3 | O116: =N116/N104-1 -> 2.4779769 | P116: =N116/N68-1 -> -0.13128725 | Q116: =南航自动更新!G266 -> 17051.27 | R116: =Q116/Q104-1 -> 2.2051561 | S116: =Q116/Q68-1 -> 0.088440537 | T116: =南航自动更新!H266 -> 2548.82 | U116: =T116/T104-1 -> 6.1704833 | V116: =T116/T68-1 -> -0.62284013 | W116: =南航自动更新!I266 -> 156.2 | X116: =W116/W104-1 -> 30.302605 | Y116: =W116/W68-1 -> -0.50931423 | Z116: =南航自动更新!J266 -> 11771.47 | AA116: =Z116/Z104-1 -> 2.4417088 | AB116: =Z116/Z68-1 -> -0.043788529 | AC116: =南航自动更新!K266 -> 10988.82 | AD116: =AC116/AC104-1 -> 2.2702096 | AE116: =AC116/AC68-1 -> 0.04949487 | AF116: =南航自动更新!L266 -> 648.84 | AG116: =AF116/AF104-1 -> 10.844469 | AH116: =AF116/AF68-1 -> -0.59604789 | AI116: =南航自动更新!M266 -> 133.81 | AJ116: =AI116/AI104-1 -> 24.832046 | AK116: =AI116/AI68-1 -> -0.42747732 | AL116: =南航自动更新!N266 -> 75.25 | AM116: =AL116-AL104 -> 14.43 | AN116: =AL116-AL68 -> -6.16 | AO116: =南航自动更新!O266 -> 75.06 | AP116: =AO116-AO104 -> 14.61 | AQ116: =AO116-AO68 -> -6.75 | AR116: =南航自动更新!P266 -> 76.62 | AS116: =AR116-AR104 -> 9.51 | AT116: =AR116-AR68 -> -4.13 | AU116: =南航自动更新!Q266 -> 74.84 | AV116: =AU116-AU104 -> 25.67 | AW116: =AU116-AU68 -> -1.16 | AX116: =南航自动更新!R266 -> 892 | AY116: =AX116/AX104-1 -> 0.01594533 | AZ116: =AX116/AX68-1 -> 0.050647821
A117: 45078 | B117: =南航自动更新!B267 -> 25932.67 | C117: =B117/B105-1 -> 0.78572353 | D117: =B117/B69-1 -> -0.055853976 | E117: =南航自动更新!C267 -> 21774.79 | F117: =E117/E105-1 -> 0.56127499 | G117: =E117/E69-1 -> 0.17086767 | H117: =南航自动更新!D267 -> 3948.39 | I117: =H117/H105-1 -> 6.0077738 | J117: =H117/H69-1 -> -0.53333247 | K117: =南航自动更新!E267 -> 209.49 | L117: =K117/K105-1 -> 16.47206 | M117: =K117/K69-1 -> -0.48759906 | N117: =南航自动更新!F267 -> 20600.95 | O117: =N117/N105-1 -> 1.1160019 | P117: =N117/N69-1 -> -0.094984071 | Q117: =南航自动更新!G267 -> 17201.68 | R117: =Q117/Q105-1 -> 0.83431563 | S117: =Q117/Q69-1 -> 0.11314679 | T117: =南航自动更新!H267 -> 3237.66 | U117: =T117/T105-1 -> 8.2306771 | V117: =T117/T69-1 -> -0.5371988 | W117: =南航自动更新!I267 -> 161.61 | X117: =W117/W105-1 -> 21.047749 | Y117: =W117/W69-1 -> -0.48546595 | Z117: =南航自动更新!J267 -> 11917.27 | AA117: =Z117/Z105-1 -> 1.0005288 | AB117: =Z117/Z69-1 -> -0.018383982 | AC117: =南航自动更新!K267 -> 10968.8 | AD117: =AC117/AC105-1 -> 0.86184514 | AE117: =AC117/AC69-1 -> 0.067377681 | AF117: =南航自动更新!L267 -> 811.56 | AG117: =AF117/AF105-1 -> 12.929969 | AH117: =AF117/AF69-1 -> -0.50445439 | AI117: =南航自动更新!M267 -> 136.9 | AJ117: =AI117/AI105-1 -> 17.400538 | AK117: =AI117/AI69-1 -> -0.39518445 | AL117: =南航自动更新!N267 -> 79.44 | AM117: =AL117-AL105 -> 12.4 | AN117: =AL117-AL69 -> -3.43 | AO117: =南航自动更新!O267 -> 79 | AP117: =AO117-AO105 -> 11.76 | AQ117: =AO117-AO69 -> -4.09 | AR117: =南航自动更新!P267 -> 82 | AS117: =AR117-AR105 -> 19.75 | AT117: =AR117-AR69 -> -0.68 | AU117: =南航自动更新!Q267 -> 77.15 | AV117: =AU117-AU105 -> 16.05 | AW117: =AU117-AU69 -> 0.33 | AX117: =南航自动更新!R267 -> 897 | AY117: =AX117/AX105-1 -> 0.019318182 | AZ117: =AX117/AX69-1 -> 0.056537102
A118: 45108 | B118: =南航自动更新!B268 -> 30549.44 | C118: =B118/B106-1 -> 0.51653023 | D118: =B118/B70-1 -> -0.020812366 | E118: =南航自动更新!C268 -> 25449.23 | F118: =E118/E106-1 -> 0.30309131 | G118: =E118/E70-1 -> 0.19645772 | H118: =南航自动更新!D268 -> 4880.63 | I118: =H118/H106-1 -> 7.1767662 | J118: =H118/H70-1 -> -0.48609314 | K118: =南航自动更新!E268 -> 219.58 | L118: =K118/K106-1 -> 11.533105 | M118: =K118/K70-1 -> -0.49073451 | N118: =南航自动更新!F268 -> 24719.55 | O118: =N118/N106-1 -> 0.75363467 | P118: =N118/N70-1 -> -0.046325799 | Q118: =南航自动更新!G268 -> 20476.22 | R118: =Q118/Q106-1 -> 0.49720575 | S118: =Q118/Q70-1 -> 0.16028881 | T118: =南航自动更新!H268 -> 4060.54 | U118: =T118/T106-1 -> 8.9630484 | V118: =T118/T70-1 -> -0.48821798 | W118: =南航自动更新!I268 -> 182.8 | X118: =W118/W106-1 -> 13.825629 | Y118: =W118/W70-1 -> -0.46027341 | Z118: =南航自动更新!J268 -> 13946 | AA118: =Z118/Z106-1 -> 0.64793742 | AB118: =Z118/Z70-1 -> 0.015655781 | AC118: =南航自动更新!K268 -> 12764.48 | AD118: =AC118/AC106-1 -> 0.52219768 | AE118: =AC118/AC70-1 -> 0.098261639 | AF118: =南航自动更新!L268 -> 1025.31 | AG118: =AF118/AF106-1 -> 14.706342 | AH118: =AF118/AF70-1 -> -0.44809637 | AI118: =南航自动更新!M268 -> 156.21 | AJ118: =AI118/AI106-1 -> 12.171164 | AK118: =AI118/AI70-1 -> -0.37720277 | AL118: =南航自动更新!N268 -> 80.92 | AM118: =AL118-AL106 -> 10.94 | AN118: =AL118-AL70 -> -2.16 | AO118: =南航自动更新!O268 -> 80.46 | AP118: =AO118-AO106 -> 10.43 | AQ118: =AO118-AO70 -> -2.51 | AR118: =南航自动更新!P268 -> 83.2 | AS118: =AR118-AR106 -> 14.92 | AT118: =AR118-AR70 -> -0.34 | AU118: =南航自动更新!Q268 -> 83.25 | AV118: =AU118-AU106 -> 12.83 | AW118: =AU118-AU70 -> 4.7 | AX118: =南航自动更新!R268 -> 897 | AY118: =AX118/AX106-1 -> 0.017006803 | AZ118: =AX118/AX70-1 -> 0.055294118
